sample_id	SBS1	SBS2	SBS3	SBS4	SBS5	SBS6	SBS7a	SBS7b	SBS7c	SBS7d	SBS8	SBS9	SBS10a	SBS10b	SBS11	SBS12	SBS13	SBS14	SBS15	SBS16	SBS17a	SBS17b	SBS18	SBS19	SBS20	SBS21	SBS22	SBS23	SBS24	SBS25	SBS26	SBS27	SBS28	SBS29	SBS30	SBS31	SBS32	SBS33	SBS34	SBS35	SBS36	SBS37	SBS38	SBS39	SBS40	SBS41	SBS42	SBS43	SBS44	SBS45	SBS46	SBS47	SBS48	SBS49	SBS50	SBS51	SBS52	SBS53	SBS54	SBS55	SBS56	SBS57	SBS58	SBS59	SBS60	SBS84	SBS85	SSE	mutation_count
EXTERN-MELA-20140505-015	0	0	0	0	0.675353745348004	0	0	0	0.0624257023950978	0	0	0	0	0	0	0	0	0	0	0	0	0	0	0	0	0	0	0	0	0	0	0	0	0	0	0	0	0	0	0	0	0	0.136866600982713	0	0	0	0	0	0	0	0	0	0	0	0	0	0	0	0	0	0	0	0	0	0	0	0	0.055	10498
EXTERN-MELA-20140505-013	0	0	0	0	0.386050859196507	0	0	0	0	0	0	0	0	0	0	0	0	0	0	0	0	0	0	0	0	0	0	0	0	0	0	0	0	0	0	0	0	0	0	0	0	0	0.374900228492158	0	0	0	0	0	0	0	0	0	0	0	0	0	0	0	0	0	0	0	0	0	0	0	0	0.064	5293
EXTERN-MELA-20140505-019	0.0612960286021322	0	0	0	0.574089572263143	0	0.122018089812617	0	0.0589799581083805	0	0	0	0	0	0	0	0	0	0	0	0	0	0	0	0	0	0	0	0	0	0	0	0	0	0	0	0	0	0	0	0	0	0.0811800630478267	0	0	0	0	0	0	0	0	0	0	0	0	0	0	0	0	0	0	0	0	0	0	0	0	0.054	3000
EXTERN-MELA-20140505-016	0.0890608034966137	0	0	0	0.67745444645762	0	0	0	0.0614732451565578	0	0	0	0	0	0	0	0.0584933373645521	0	0	0	0	0	0	0	0	0	0	0	0	0	0	0	0	0	0	0	0	0	0	0	0	0	0	0	0	0	0	0	0	0	0	0	0	0	0	0	0	0	0	0	0	0	0	0	0	0	0	0.05	4820
EXTERN-MELA-20140505-003	0	0.0703261707222453	0	0	0.570650473364094	0	0.0694246655566491	0.129053791758108	0.0502686548460326	0	0	0	0	0	0	0	0	0	0	0	0	0	0	0	0	0	0	0	0	0	0	0	0	0	0	0	0	0	0	0	0	0	0	0	0	0	0	0	0	0	0	0	0	0	0	0	0	0	0	0	0	0	0	0	0	0	0	0.046	20934
EXTERN-MELA-20140505-001	0	0	0	0	0.710240817958185	0	0	0	0.0717416535540318	0	0	0	0	0	0	0	0.0716529224355819	0	0	0	0	0	0	0	0	0	0	0	0	0	0	0	0	0	0	0	0	0	0	0	0	0	0.0768388865149001	0	0	0	0	0	0	0	0	0	0	0	0	0	0	0	0	0	0	0	0	0	0	0	0	0.05	14700
EXTERN-MELA-20140505-009	0.0789690268400008	0	0	0	0.639001657316633	0	0	0	0.0756595859739898	0	0	0	0	0	0	0	0	0	0	0	0	0	0	0	0	0	0	0	0	0	0	0	0	0	0	0	0	0	0	0	0	0	0.11794102593722	0	0	0	0	0	0	0	0	0	0	0	0	0	0	0	0	0	0	0	0	0	0	0	0	0.046	5860
EXTERN-MELA-20140505-005	0	0	0	0	0.649975281848576	0	0	0	0.0580006805385453	0	0	0	0	0	0	0	0.0744023009004853	0	0	0	0	0	0	0	0	0	0	0	0	0	0	0	0	0	0	0	0	0	0	0	0	0	0.0527755485817728	0	0	0	0	0	0	0	0	0	0	0	0	0	0	0	0	0	0	0	0	0	0	0	0	0.065	8002
EXTERN-MELA-20140505-021	0	0.0792663128740554	0	0	0.628670238861942	0	0	0.0631610832596442	0.0562401615282104	0	0	0	0	0	0	0	0.088174768759937	0	0	0	0	0	0	0	0	0	0	0	0	0	0	0	0	0	0	0	0	0	0	0	0	0	0	0	0	0	0	0	0	0	0	0	0	0	0	0	0	0	0	0	0	0	0	0	0	0	0	0.045	6996
EXTERN-MELA-20140505-051	0	0	0	0	0	0	0.564768723043544	0.38936489987195	0	0	0	0	0	0	0	0	0	0	0	0	0	0	0	0	0	0	0	0	0	0	0	0	0	0	0	0	0	0	0	0	0	0	0	0	0	0	0	0	0	0	0	0	0	0	0	0	0	0	0	0	0	0	0	0	0	0	0	0.025	403461
EXTERN-MELA-20140505-026	0	0	0	0	0.442052052494442	0	0	0	0	0	0	0	0	0	0	0	0	0	0	0	0	0.261180942428608	0	0	0	0	0	0	0	0	0	0	0	0	0	0	0	0	0	0	0	0	0.140453680527059	0	0	0	0	0	0	0	0	0	0	0	0	0	0	0	0	0	0	0	0	0	0	0	0	0.043	21002
EXTERN-MELA-20140514-007	0	0	0	0	0	0	0.800428374292271	0.150832005441323	0	0	0	0	0	0	0	0	0	0	0	0	0	0	0	0	0	0	0	0	0	0	0	0	0	0	0	0	0	0	0	0	0	0	0	0	0	0	0	0	0	0	0	0	0	0	0	0	0	0	0	0	0	0	0	0	0	0	0	0.02	218899
EXTERN-MELA-20140514-003	0	0	0	0	0.0541371715805102	0	0.69822049707231	0.201956467042891	0	0	0	0	0	0	0	0	0	0	0	0	0	0	0	0	0	0	0	0	0	0	0	0	0	0	0	0	0	0	0	0	0	0	0	0	0	0	0	0	0	0	0	0	0	0	0	0	0	0	0	0	0	0	0	0	0	0	0	0.026	79306
EXTERN-MELA-20140514-015	0	0	0	0	0	0	0.692022998479018	0.22403001396552	0	0	0	0	0	0	0	0	0	0	0	0	0	0	0	0	0	0	0	0	0	0	0	0	0	0	0	0	0	0	0	0	0	0	0	0	0	0	0	0	0	0	0	0	0	0	0	0	0	0	0	0	0	0	0	0	0	0	0	0.034	66572
EXTERN-MELA-20140514-011	0.0649710581189715	0	0	0	0.435708239557496	0	0	0	0	0	0	0	0	0	0	0	0	0	0	0	0	0	0	0	0	0	0	0	0	0	0	0	0	0	0	0	0	0	0	0	0	0	0.380260802118768	0	0	0	0	0	0	0	0	0	0	0	0	0	0	0	0	0	0	0	0	0	0	0	0	0.041	5958
EXTERN-MELA-20140505-072	0	0	0	0	0.0501533347381153	0	0.65994865517823	0.257732238199423	0	0	0	0	0	0	0	0	0	0	0	0	0	0	0	0	0	0	0	0	0	0	0	0	0	0	0	0	0	0	0	0	0	0	0	0	0	0	0	0	0	0	0	0	0	0	0	0	0	0	0	0	0	0	0	0	0	0	0	0.032	53432
EXTERN-MELA-20140505-080	0	0	0	0	0.0789960895956284	0	0.742789983195369	0.178213927209002	0	0	0	0	0	0	0	0	0	0	0	0	0	0	0	0	0	0	0	0	0	0	0	0	0	0	0	0	0	0	0	0	0	0	0	0	0	0	0	0	0	0	0	0	0	0	0	0	0	0	0	0	0	0	0	0	0	0	0	0.023	129776
EXTERN-MELA-20140514-001	0	0	0	0	0.0929577410975681	0	0.490725998682614	0.288588342771754	0.0765322127812308	0.0511957046668326	0	0	0	0	0	0	0	0	0	0	0	0	0	0	0	0	0	0	0	0	0	0	0	0	0	0	0	0	0	0	0	0	0	0	0	0	0	0	0	0	0	0	0	0	0	0	0	0	0	0	0	0	0	0	0	0	0	0.018	119643
EXTERN-MELA-20140505-070	0	0.0786319896102108	0	0	0	0	0.644361608912276	0.175218809095095	0.054887758339977	0	0	0	0	0	0	0	0	0	0	0	0	0	0	0	0	0	0	0	0	0	0	0	0	0	0	0	0	0	0	0	0	0	0	0	0	0	0	0	0	0	0	0	0	0	0	0	0	0	0	0	0	0	0	0	0	0	0	0.024	51460
EXTERN-MELA-20140524-047	0	0	0	0	0	0	0.729055588202687	0.174437802491349	0	0	0	0	0	0	0	0	0	0	0	0	0	0	0	0	0	0	0	0	0	0	0	0	0	0	0	0	0	0	0	0	0	0	0	0	0	0	0	0	0	0	0	0	0	0	0	0	0	0	0	0	0	0	0	0	0	0	0	0.039	54622
EXTERN-MELA-20140524-051	0	0	0	0	0.105652002807736	0	0.670522369477368	0.190789327520276	0	0	0	0	0	0	0	0	0	0	0	0	0	0	0	0	0	0	0	0	0	0	0	0	0	0	0	0	0	0	0	0	0	0	0	0	0	0	0	0	0	0	0	0	0	0	0	0	0	0	0	0	0	0	0	0	0	0	0	0.024	93542
EXTERN-MELA-20140524-050	0	0	0	0	0.0948719342671008	0	0.63154508319138	0.228583701661338	0	0	0	0	0	0	0	0	0	0	0	0	0	0	0	0	0	0	0	0	0	0	0	0	0	0	0	0	0	0	0	0	0	0	0	0	0	0	0	0	0	0	0	0	0	0	0	0	0	0	0	0	0	0	0	0	0	0	0	0.034	50161
EXTERN-MELA-20140514-046	0	0	0	0	0.240924691886833	0	0.40068059448447	0.15686183077194	0	0.0904967418911075	0	0	0	0	0	0	0	0	0	0	0	0	0	0	0	0	0	0	0	0	0	0	0	0	0	0	0	0	0	0	0	0	0	0	0	0	0	0	0	0	0	0	0	0	0	0	0	0	0	0	0	0	0	0	0	0	0	0.049	7968
EXTERN-MELA-20140514-042	0.0749919678896154	0.053454435944013	0	0	0.603770411488321	0	0	0.103558381108923	0	0	0	0	0	0	0	0	0	0	0	0	0	0	0	0	0	0	0	0	0	0	0	0	0	0	0	0	0	0	0	0	0	0	0.0898831359320005	0	0	0	0	0	0	0	0	0	0	0	0	0	0	0	0	0	0	0	0	0	0	0	0	0.049	5873
EXTERN-MELA-20140514-048	0.081712774726074	0	0	0	0.604062855653827	0	0	0	0.0517963765832442	0	0	0	0	0	0	0	0.0785699837978753	0	0	0	0	0	0	0	0	0	0	0	0	0	0	0	0	0	0	0	0	0	0	0	0	0	0.0909332706354744	0	0	0	0	0	0	0	0	0	0	0	0	0	0	0	0	0	0	0	0	0	0	0	0	0.052	4364
EXTERN-MELA-20140514-025	0	0	0	0	0.685990037698857	0	0.0588039605076809	0	0	0	0	0	0	0	0	0	0.065064459288079	0	0	0	0	0	0	0	0	0	0	0	0	0	0	0	0	0	0	0	0	0	0	0	0	0	0.0531226486468986	0	0	0	0	0	0	0	0	0	0	0	0	0	0	0	0	0	0	0	0	0	0	0	0	0.048	15405
EXTERN-MELA-20140514-023	0.0586165013021663	0	0	0	0.584114664580302	0	0.10170686091669	0	0	0.121373996400578	0	0	0	0	0	0	0	0	0	0	0	0	0	0	0	0	0	0	0	0	0	0	0	0	0	0	0	0	0	0	0	0	0.0554839859551525	0	0	0	0	0	0	0	0	0	0	0	0	0	0	0	0	0	0	0	0	0	0	0	0	0.045	3507
EXTERN-MELA-20140514-036	0	0.0723223217257104	0	0	0.316059656035978	0	0.207273156745037	0.31343607119958	0	0	0	0	0	0	0	0	0	0	0	0	0	0	0	0	0	0	0	0	0	0	0	0	0	0	0	0	0	0	0	0	0	0	0	0	0	0	0	0	0	0	0	0	0	0	0	0	0	0	0	0	0	0	0	0	0	0	0	0.036	27693
EXTERN-MELA-20140514-034	0.0652158680614141	0	0	0	0.717955878004853	0	0	0	0.0702677281411088	0	0	0	0	0	0	0	0.092859940480339	0	0	0	0	0	0	0	0	0	0	0	0	0	0	0	0	0	0	0	0	0	0	0	0	0	0	0	0	0	0	0	0	0	0	0	0	0	0	0	0	0	0	0	0	0	0	0	0	0	0	0.042	6755
EXTERN-MELA-20140514-055	0.0914468366376442	0	0	0	0.733089835023882	0	0	0	0.0621678285785961	0	0	0	0	0	0	0	0	0	0	0	0	0	0	0	0	0	0	0	0	0	0	0	0	0	0	0	0	0	0	0	0	0	0.0547855637382061	0	0	0	0	0	0	0	0	0	0	0	0	0	0	0	0	0	0	0	0	0	0	0	0	0.047	8978
EXTERN-MELA-20140514-053	0.0746213567606311	0.0578762129082092	0	0	0.625285000083814	0	0	0.0673295694636992	0.0648772564676375	0	0	0	0	0	0	0	0.0546023365506044	0	0	0	0	0	0	0	0	0	0	0	0	0	0	0	0	0	0	0	0	0	0	0	0	0	0	0	0	0	0	0	0	0	0	0	0	0	0	0	0	0	0	0	0	0	0	0	0	0	0	0.045	8801
EXTERN-MELA-20140524-007	0	0	0	0	0	0	0.663802385762414	0.216860392365338	0	0	0	0	0	0	0	0	0	0	0	0	0	0	0	0	0	0	0	0	0	0	0	0	0	0	0	0	0	0	0	0	0	0	0	0	0	0	0	0	0	0	0	0	0	0	0	0	0	0	0	0	0	0	0	0	0	0	0	0.033	117352
EXTERN-MELA-20140524-005	0	0	0	0	0	0	0.767285990478237	0.208341065292375	0	0	0	0	0	0	0	0	0	0	0	0	0	0	0	0	0	0	0	0	0	0	0	0	0	0	0	0	0	0	0	0	0	0	0	0	0	0	0	0	0	0	0	0	0	0	0	0	0	0	0	0	0	0	0	0	0	0	0	0.031	231646
EXTERN-MELA-20140526-058	0	0	0	0	0	0	0.715121480942861	0.223040407523344	0	0	0	0	0	0	0	0	0	0	0	0	0	0	0	0	0	0	0	0	0	0	0	0	0	0	0	0	0	0	0	0	0	0	0	0	0	0	0	0	0	0	0	0	0	0	0	0	0	0	0	0	0	0	0	0	0	0	0	0.023	126834
EXTERN-MELA-20140526-056	0	0	0	0	0.175096967298924	0	0.530250187672914	0.230412569232213	0	0	0	0	0	0	0	0	0	0	0	0	0	0	0	0	0	0	0	0	0	0	0	0	0	0	0	0	0	0	0	0	0	0	0	0	0	0	0	0	0	0	0	0	0	0	0	0	0	0	0	0	0	0	0	0	0	0	0	0.027	200462
EXTERN-MELA-20140526-103	0	0	0	0	0	0	0.874133870282159	0.0853427513323383	0	0	0	0	0	0	0	0	0	0	0	0	0	0	0	0	0	0	0	0	0	0	0	0	0	0	0	0	0	0	0	0	0	0	0	0	0	0	0	0	0	0	0	0	0	0	0	0	0	0	0	0	0	0	0	0	0	0	0	0.034	265348
EXTERN-MELA-20140526-102	0	0	0	0	0.151626539264851	0	0.538042051993375	0.223752215327438	0	0	0	0	0	0	0	0	0	0	0	0	0	0	0	0	0	0	0	0	0	0	0	0	0	0	0	0	0	0	0	0	0	0	0	0	0	0	0	0	0	0	0	0	0	0	0	0	0	0	0	0	0	0	0	0	0	0	0	0.039	52414
EXTERN-MELA-20140526-100	0	0	0	0	0	0	0.734060845366227	0.142631862033761	0.0582395755851124	0	0	0	0	0	0	0	0	0	0	0	0	0	0	0	0	0	0	0	0	0	0	0	0	0	0	0	0	0	0	0	0	0	0	0	0	0	0	0	0	0	0	0	0	0	0	0	0	0	0	0	0	0	0	0	0	0	0	0.038	917039
EXTERN-MELA-20140526-038	0	0	0	0	0.067993474534058	0	0.609291539060696	0.233377411702757	0	0	0	0	0	0	0	0	0	0	0	0	0	0	0	0	0	0	0	0	0	0	0	0	0	0	0	0	0	0	0	0	0	0	0	0	0	0	0	0	0	0	0	0	0	0	0	0	0	0	0	0	0	0	0	0	0	0	0	0.031	102774
EXTERN-MELA-20140526-029	0	0	0	0	0	0	0.669419383977554	0.268656093882342	0	0	0	0	0	0	0	0	0	0	0	0	0	0	0	0	0	0	0	0	0	0	0	0	0	0	0	0	0	0	0	0	0	0	0	0	0	0	0	0	0	0	0	0	0	0	0	0	0	0	0	0	0	0	0	0	0	0	0	0.023	154066
EXTERN-MELA-20140526-027	0	0	0	0	0.0666544849376427	0	0.644129963239327	0.233385577397708	0	0	0	0	0	0	0	0	0	0	0	0	0	0	0	0	0	0	0	0	0	0	0	0	0	0	0	0	0	0	0	0	0	0	0	0	0	0	0	0	0	0	0	0	0	0	0	0	0	0	0	0	0	0	0	0	0	0	0	0.03	164063
EXTERN-MELA-20140526-046	0	0	0	0	0.10206962191899	0	0.501638985315861	0.342656954490751	0	0	0	0	0	0	0	0	0	0	0	0	0	0	0	0	0	0	0	0	0	0	0	0	0	0	0	0	0	0	0	0	0	0	0	0	0	0	0	0	0	0	0	0	0	0	0	0	0	0	0	0	0	0	0	0	0	0	0	0.022	66983
EXTERN-MELA-20140526-044	0	0	0	0	0.108652044434814	0	0.676513856123298	0.207360976003075	0	0	0	0	0	0	0	0	0	0	0	0	0	0	0	0	0	0	0	0	0	0	0	0	0	0	0	0	0	0	0	0	0	0	0	0	0	0	0	0	0	0	0	0	0	0	0	0	0	0	0	0	0	0	0	0	0	0	0	0.016	62150
EXTERN-MELA-20140526-021	0	0	0	0	0.091239273836172	0	0.642815547652449	0.192589709197591	0	0	0	0	0	0	0	0	0	0	0	0	0	0	0	0	0	0	0	0	0	0	0	0	0	0	0	0	0	0	0	0	0	0	0	0	0	0	0	0	0	0	0	0	0	0	0	0	0	0	0	0	0	0	0	0	0	0	0	0.027	82931
EXTERN-MELA-20140526-074	0	0	0	0	0	0	0.761614216342546	0.221430968462477	0	0	0	0	0	0	0	0	0	0	0	0	0	0	0	0	0	0	0	0	0	0	0	0	0	0	0	0	0	0	0	0	0	0	0	0	0	0	0	0	0	0	0	0	0	0	0	0	0	0	0	0	0	0	0	0	0	0	0	0.049	115442
EXTERN-MELA-20140526-054	0	0	0	0	0	0	0.566633728147921	0.350507518557661	0.0594145554414463	0	0	0	0	0	0	0	0	0	0	0	0	0	0	0	0	0	0	0	0	0	0	0	0	0	0	0	0	0	0	0	0	0	0	0	0	0	0	0	0	0	0	0	0	0	0	0	0	0	0	0	0	0	0	0	0	0	0	0.025	517899
EXTERN-MELA-20140526-052	0	0	0	0	0.055674962509705	0	0.649231993134114	0.243543936733391	0	0	0	0	0	0	0	0	0	0	0	0	0	0	0	0	0	0	0	0	0	0	0	0	0	0	0	0	0	0	0	0	0	0	0	0	0	0	0	0	0	0	0	0	0	0	0	0	0	0	0	0	0	0	0	0	0	0	0	0.018	175530
EXTERN-MELA-20140526-064	0.0590347708820452	0	0	0	0.547145139435322	0	0	0.0982578100239993	0	0	0	0	0	0	0	0	0.0608704566983275	0	0	0	0	0	0	0	0	0	0	0	0	0	0	0	0	0	0	0	0	0	0	0	0	0	0.101833819177723	0	0	0	0	0	0	0	0	0	0	0	0	0	0	0	0	0	0	0	0	0	0	0	0	0.051	8537
EXTERN-MELA-20140526-060	0	0	0	0	0.0681752043625906	0	0.709147812953485	0.221843016255901	0	0	0	0	0	0	0	0	0	0	0	0	0	0	0	0	0	0	0	0	0	0	0	0	0	0	0	0	0	0	0	0	0	0	0	0	0	0	0	0	0	0	0	0	0	0	0	0	0	0	0	0	0	0	0	0	0	0	0	0.012	77083
EXTERN-MELA-20140526-091	0	0	0	0	0.0740431487480159	0	0.605754510128673	0.231277976214919	0	0	0	0	0	0	0	0	0	0	0	0	0	0	0	0	0	0	0	0	0	0	0	0	0	0	0	0	0	0	0	0	0	0	0	0	0	0	0	0	0	0	0	0	0	0	0	0	0	0	0	0	0	0	0	0	0	0	0	0.027	80606
EXTERN-MELA-20140526-089	0	0	0	0	0.172282367902733	0	0.528693374170769	0.2236537830924	0	0	0	0	0	0	0	0	0	0	0	0	0	0	0	0	0	0	0	0	0	0	0	0	0	0	0	0	0	0	0	0	0	0	0	0	0	0	0	0	0	0	0	0	0	0	0	0	0	0	0	0	0	0	0	0	0	0	0	0.031	12647
EXTERN-MELA-20140528-001	0	0	0	0	0	0	0.719858319692003	0.151631337794716	0	0	0	0	0	0	0	0	0	0	0	0	0	0	0	0	0	0	0	0	0	0	0	0	0	0	0	0	0	0	0	0	0	0	0	0	0	0	0	0	0	0	0	0	0	0	0	0	0	0	0	0	0	0	0	0	0	0	0	0.037	115030
EXTERN-MELA-20140526-098	0	0	0	0	0.053887129548144	0	0.668502438942843	0.189809962768935	0	0	0	0	0	0	0	0	0	0	0	0	0	0	0	0	0	0	0	0	0	0	0	0	0	0	0	0	0	0	0	0	0	0	0.0572191364154917	0	0	0	0	0	0	0	0	0	0	0	0	0	0	0	0	0	0	0	0	0	0	0	0	0.027	83312
EXTERN-MELA-20140526-083	0	0	0	0	0	0	0.580616544846495	0.345535562698733	0	0	0	0	0	0	0	0	0	0	0	0	0	0	0	0	0	0	0	0	0	0	0	0	0	0	0	0	0	0	0	0	0	0	0	0	0	0	0	0	0	0	0	0	0	0	0	0	0	0	0	0	0	0	0	0	0	0	0	0.027	481051
EXTERN-MELA-20140526-081	0	0	0	0	0	0	0.732585018440644	0.184581976859955	0.052202138612735	0	0	0	0	0	0	0	0	0	0	0	0	0	0	0	0	0	0	0	0	0	0	0	0	0	0	0	0	0	0	0	0	0	0	0	0	0	0	0	0	0	0	0	0	0	0	0	0	0	0	0	0	0	0	0	0	0	0	0.038	157192
EXTERN-MELA-20140528-007	0	0	0	0	0.0823144200899432	0	0.702004687756446	0.208300121259438	0	0	0	0	0	0	0	0	0	0	0	0	0	0	0	0	0	0	0	0	0	0	0	0	0	0	0	0	0	0	0	0	0	0	0	0	0	0	0	0	0	0	0	0	0	0	0	0	0	0	0	0	0	0	0	0	0	0	0	0.013	34294
EXTERN-MELA-20140528-003	0	0	0	0	0	0	0.708820173614842	0.223652611627246	0	0	0	0	0	0	0	0	0	0	0	0	0	0	0	0	0	0	0	0	0	0	0	0	0	0	0	0	0	0	0	0	0	0	0	0	0	0	0	0	0	0	0	0	0	0	0	0	0	0	0	0	0	0	0	0	0	0	0	0.027	77792
EXTERN-MELA-20140924-020	0	0	0	0	0.0500050945693861	0	0.768576147897382	0.181418757533232	0	0	0	0	0	0	0	0	0	0	0	0	0	0	0	0	0	0	0	0	0	0	0	0	0	0	0	0	0	0	0	0	0	0	0	0	0	0	0	0	0	0	0	0	0	0	0	0	0	0	0	0	0	0	0	0	0	0	0	0.015	314536
EXTERN-MELA-20140530-011	0	0	0	0	0.0589891195483177	0	0.623588239223281	0.237414480588699	0.052202338609377	0	0	0	0	0	0	0	0	0	0	0	0	0	0	0	0	0	0	0	0	0	0	0	0	0	0	0	0	0	0	0	0	0	0	0	0	0	0	0	0	0	0	0	0	0	0	0	0	0	0	0	0	0	0	0	0	0	0	0.021	97448
EXTERN-MELA-20140924-032	0	0	0	0	0.0904586692581448	0	0.587368483894771	0.250661620547699	0	0	0	0	0	0	0	0	0	0	0	0	0	0	0	0	0	0	0	0	0	0	0	0	0	0	0	0	0	0	0	0	0	0	0	0	0	0	0	0	0	0	0	0	0	0	0	0	0	0	0	0	0	0	0	0	0	0	0	0.033	93689
EXTERN-MELA-20140924-028	0	0	0	0	0.0551522902658844	0	0.490048274251128	0.37744783296437	0	0	0	0	0	0	0	0	0	0	0	0	0	0	0	0	0	0	0	0	0	0	0	0	0	0	0	0	0	0	0	0	0	0	0	0	0	0	0	0	0	0	0	0	0	0	0	0	0	0	0	0	0	0	0	0	0	0	0	0.024	103779
EXTERN-MELA-20140924-036	0	0	0	0	0	0	0.578011768003096	0.290053394390734	0.0566482214519006	0	0	0	0	0	0	0	0	0	0	0	0	0	0	0	0	0	0	0	0	0	0	0	0	0	0	0	0	0	0	0	0	0	0	0	0	0	0	0	0	0	0	0	0	0	0	0	0	0	0	0	0	0	0	0	0	0	0	0.033	350913
EXTERN-MELA-20140924-034	0	0	0	0	0	0	0.703760860717312	0.176840468133811	0.0571934775470289	0	0	0	0	0	0	0	0	0	0	0	0	0	0	0	0	0	0	0	0	0	0	0	0	0	0	0	0	0	0	0	0	0	0	0	0	0	0	0	0	0	0	0	0	0	0	0	0	0	0	0	0	0	0	0	0	0	0	0.049	339273
EXTERN-MELA-20140924-052	0	0	0	0	0.103082476558775	0	0.749511157729345	0.14740636571188	0	0	0	0	0	0	0	0	0	0	0	0	0	0	0	0	0	0	0	0	0	0	0	0	0	0	0	0	0	0	0	0	0	0	0	0	0	0	0	0	0	0	0	0	0	0	0	0	0	0	0	0	0	0	0	0	0	0	0	0.024	63872
EXTERN-MELA-20140924-050	0	0	0	0	0.0625924076356823	0	0.638899252008049	0.271071738849586	0	0	0	0	0	0	0	0	0	0	0	0	0	0	0	0	0	0	0	0	0	0	0	0	0	0	0	0	0	0	0	0	0	0	0	0	0	0	0	0	0	0	0	0	0	0	0	0	0	0	0	0	0	0	0	0	0	0	0	0.023	100612
EXTERN-MELA-20140924-040	0	0	0	0	0.181120142154887	0	0.595529855010109	0.149174252383625	0	0	0	0	0	0	0	0	0	0	0	0	0	0	0	0	0	0	0	0	0	0	0	0	0	0	0	0	0	0	0	0	0	0	0	0	0	0	0	0	0	0	0	0	0	0	0	0	0	0	0	0	0	0	0	0	0	0	0	0.027	21996
EXTERN-MELA-20140924-038	0.0575806554283208	0	0	0	0.66905646027819	0	0	0	0.0611881252486882	0	0	0	0	0	0	0	0.0634934713912811	0	0	0	0	0	0	0	0	0	0	0	0	0	0	0	0	0	0	0	0	0	0	0	0	0	0.0895599456976466	0	0	0	0	0	0	0	0	0	0	0	0	0	0	0	0	0	0	0	0	0	0	0	0	0.055	13055
EXTERN-MELA-20140924-048	0	0	0	0	0	0	0.816025575782531	0.120493980946611	0	0	0	0	0	0	0	0	0	0	0	0	0	0	0	0	0	0	0	0	0	0	0	0	0	0	0	0	0	0	0	0	0	0	0	0	0	0	0	0	0	0	0	0	0	0	0	0	0	0	0	0	0	0	0	0	0	0	0	0.033	149794
EXTERN-MELA-20140924-044	0	0	0	0	0	0	0.546070459621749	0.289956005182603	0.0649024333545459	0	0	0	0	0	0	0	0	0	0	0	0	0	0	0	0	0	0	0	0	0	0	0	0	0	0	0	0	0	0	0	0	0	0	0	0	0	0	0	0	0	0	0	0	0	0	0	0	0	0	0	0	0	0	0	0	0	0	0.028	491385
EXTERN-MELA-20140924-122	0	0	0	0	0	0	0.746256163632925	0.184734194980876	0	0	0	0	0	0	0	0	0	0	0	0	0	0	0	0	0	0	0	0	0	0	0	0	0	0	0	0	0	0	0	0	0	0	0	0	0	0	0	0	0	0	0	0	0	0	0	0	0	0	0	0	0	0	0	0	0	0	0	0.032	177376
EXTERN-MELA-20140924-120	0	0	0	0	0	0	0.623160742431932	0.276379757383287	0	0	0	0	0	0	0	0	0	0	0	0	0	0	0	0	0	0	0	0	0	0	0	0	0	0	0	0	0	0	0	0	0	0	0	0	0	0	0	0	0	0	0	0	0	0	0	0	0	0	0	0	0	0	0	0	0	0	0	0.026	179628
EXTERN-MELA-20140924-126	0	0	0	0	0	0	0.68490114789345	0.230963724442896	0	0	0	0	0	0	0	0	0	0	0	0	0	0	0	0	0	0	0	0	0	0	0	0	0	0	0	0	0	0	0	0	0	0	0	0	0	0	0	0	0	0	0	0	0	0	0	0	0	0	0	0	0	0	0	0	0	0	0	0.031	125069
EXTERN-MELA-20140924-054	0	0	0	0	0.111339612528321	0	0.619401135691263	0.269259251780415	0	0	0	0	0	0	0	0	0	0	0	0	0	0	0	0	0	0	0	0	0	0	0	0	0	0	0	0	0	0	0	0	0	0	0	0	0	0	0	0	0	0	0	0	0	0	0	0	0	0	0	0	0	0	0	0	0	0	0	0.03	50357
EXTERN-MELA-20140505-007	0.0521557568641167	0	0	0	0.7671143213515	0	0	0	0.0630268935104546	0	0	0	0	0	0	0	0	0	0	0	0	0	0	0	0	0	0	0	0	0	0	0	0	0	0	0	0	0	0	0	0	0	0	0	0	0	0	0	0	0	0	0	0	0	0	0	0	0	0	0	0	0	0	0	0	0	0	0.054	6243
EXTERN-MELA-20140505-017	0.0836607823088312	0	0	0	0.748426372675657	0	0	0	0.0562024247896584	0	0	0	0	0	0	0	0	0	0	0	0	0	0	0	0	0	0	0	0	0	0	0	0	0	0	0	0	0	0	0	0	0	0	0	0	0	0	0	0	0	0	0	0	0	0	0	0	0	0	0	0	0	0	0	0	0	0	0.055	3448
EXTERN-MELA-20140505-011	0	0	0	0	0.0584714930157505	0	0.637304727682134	0.201289006345491	0	0	0	0	0	0	0	0	0	0	0	0	0	0	0	0	0	0	0	0	0	0	0	0	0	0	0	0	0	0	0	0	0	0	0	0	0	0	0	0	0	0	0	0	0	0	0	0	0	0	0	0	0	0	0	0	0	0	0	0.03	761170
EXTERN-MELA-20140505-024	0.125911474637192	0	0	0	0.59533422326509	0	0	0	0.0563752255590872	0	0	0	0	0	0	0	0	0	0	0	0	0	0	0	0	0	0	0	0	0	0	0	0	0	0	0	0	0	0	0	0	0	0.0603573704438762	0	0	0	0	0	0	0	0	0	0	0	0	0	0	0	0	0	0	0	0	0	0	0	0	0.055	5244
EXTERN-MELA-20140514-033	0.0939824769635605	0	0	0	0.767728420624668	0	0	0	0.0668677817141269	0	0	0	0	0	0	0	0	0	0	0	0	0	0	0	0	0	0	0	0	0	0	0	0	0	0	0	0	0	0	0	0	0	0	0	0	0	0	0	0	0	0	0	0	0	0	0	0	0	0	0	0	0	0	0	0	0	0	0.054	3413
EXTERN-MELA-20140505-029	0	0	0	0	0.13485039597689	0	0.624789966238026	0.183399698475693	0	0	0	0	0	0	0	0	0	0	0	0	0	0	0	0	0	0	0	0	0	0	0	0	0	0	0	0	0	0	0	0	0	0	0	0	0	0	0	0	0	0	0	0	0	0	0	0	0	0	0	0	0	0	0	0	0	0	0	0.024	23049
EXTERN-MELA-20140505-030	0	0	0	0	0.102274023589759	0	0.780089924085639	0.117636052324602	0	0	0	0	0	0	0	0	0	0	0	0	0	0	0	0	0	0	0	0	0	0	0	0	0	0	0	0	0	0	0	0	0	0	0	0	0	0	0	0	0	0	0	0	0	0	0	0	0	0	0	0	0	0	0	0	0	0	0	0.02	16114
EXTERN-MELA-20140505-031	0	0	0	0	0.0942454929560608	0	0.585419579062715	0.223877978198661	0.063625497408233	0	0	0	0	0	0	0	0	0	0	0	0	0	0	0	0	0	0	0	0	0	0	0	0	0	0	0	0	0	0	0	0	0	0	0	0	0	0	0	0	0	0	0	0	0	0	0	0	0	0	0	0	0	0	0	0	0	0	0.032	60373
EXTERN-MELA-20140505-037	0	0.0663849582742219	0	0	0.433157611065897	0	0.172192866534985	0.130815150996937	0.145289529950773	0.0521598831771866	0	0	0	0	0	0	0	0	0	0	0	0	0	0	0	0	0	0	0	0	0	0	0	0	0	0	0	0	0	0	0	0	0	0	0	0	0	0	0	0	0	0	0	0	0	0	0	0	0	0	0	0	0	0	0	0	0	0.045	7915
EXTERN-MELA-20140505-033	0	0	0	0	0	0	0.743322437181923	0.121700296318531	0	0	0	0	0	0	0	0	0	0	0	0	0	0	0	0	0	0	0	0	0	0	0	0	0	0	0	0	0	0	0	0	0	0	0	0	0	0	0	0	0	0	0	0	0	0	0	0	0	0	0	0	0	0	0	0	0	0	0	0.027	183745
EXTERN-MELA-20140505-035	0	0	0	0	0.0514503317099016	0	0.58961194744627	0.225323283469995	0.0864886605544842	0	0	0	0	0	0	0	0	0	0	0	0	0	0	0	0	0	0	0	0	0	0	0	0	0	0	0	0	0	0	0	0	0	0	0	0	0	0	0	0	0	0	0	0	0	0	0	0	0	0	0	0	0	0	0	0	0	0	0.023	51435
EXTERN-MELA-20140514-040	0.128933939549603	0	0	0	0.773924019953186	0	0	0	0.054332727980921	0	0	0	0	0	0	0	0	0	0	0	0	0	0	0	0	0	0	0	0	0	0	0	0	0	0	0	0	0	0	0	0	0	0	0	0	0	0	0	0	0	0	0	0	0	0	0	0	0	0	0	0	0	0	0	0	0	0	0.049	2666
EXTERN-MELA-20140514-044	0.112993978031864	0	0	0	0.679113036854377	0	0	0	0.0888002799186439	0	0	0	0	0	0	0	0	0	0	0	0	0	0	0	0	0	0	0	0	0	0	0	0	0	0	0	0	0	0	0	0	0	0	0	0	0	0	0	0	0	0	0	0	0	0	0	0	0	0	0	0	0	0	0	0	0	0	0.048	7879
EXTERN-MELA-20140514-051	0	0	0	0	0.511417345199645	0	0.146530854580336	0	0	0.0617405549182775	0	0	0	0	0	0	0	0	0	0	0	0	0	0	0	0	0	0	0	0	0	0	0	0	0	0	0	0	0	0	0	0	0.0788045299196831	0	0	0	0	0	0	0	0	0	0	0	0	0	0	0	0	0	0	0	0	0	0	0	0	0.054	4663
EXTERN-MELA-20140514-057	0.0930181293626261	0	0	0	0.714392063510615	0	0	0	0.0670389082918808	0	0	0	0	0	0	0	0	0	0	0	0	0	0	0	0	0	0	0	0	0	0	0	0	0	0	0	0	0	0	0	0	0	0	0	0	0	0	0	0	0	0	0	0	0	0	0	0	0	0	0	0	0	0	0	0	0	0	0.047	5239
EXTERN-MELA-20140514-060	0.0566983676699332	0	0	0	0.780401993021903	0	0	0	0.0788585870531682	0	0	0	0	0	0	0	0	0	0	0	0	0	0	0	0	0	0	0	0	0	0	0	0	0	0	0	0	0	0	0	0	0	0	0	0	0	0	0	0	0	0	0	0	0	0	0	0	0	0	0	0	0	0	0	0	0	0	0.052	6420
EXTERN-MELA-20140524-011	0	0	0	0	0	0	0.635104912077625	0.166150314557451	0.1144693814658	0.0586958354098018	0	0	0	0	0	0	0	0	0	0	0	0	0	0	0	0	0	0	0	0	0	0	0	0	0	0	0	0	0	0	0	0	0	0	0	0	0	0	0	0	0	0	0	0	0	0	0	0	0	0	0	0	0	0	0	0	0	0.03	140087
EXTERN-MELA-20140524-015	0	0	0	0	0.143017562953414	0	0.628494665617357	0.215436145301051	0	0	0	0	0	0	0	0	0	0	0	0	0	0	0	0	0	0	0	0	0	0	0	0	0	0	0	0	0	0	0	0	0	0	0	0	0	0	0	0	0	0	0	0	0	0	0	0	0	0	0	0	0	0	0	0	0	0	0	0.024	42559
EXTERN-MELA-20140524-013	0	0	0	0	0.0501106630126665	0	0.415785312481438	0.393234502301674	0.108647405648883	0	0	0	0	0	0	0	0	0	0	0	0	0	0	0	0	0	0	0	0	0	0	0	0	0	0	0	0	0	0	0	0	0	0	0	0	0	0	0	0	0	0	0	0	0	0	0	0	0	0	0	0	0	0	0	0	0	0	0.032	229385
EXTERN-MELA-20140505-039	0	0	0	0	0.0603092064657039	0	0.746687870408954	0.193002923125342	0	0	0	0	0	0	0	0	0	0	0	0	0	0	0	0	0	0	0	0	0	0	0	0	0	0	0	0	0	0	0	0	0	0	0	0	0	0	0	0	0	0	0	0	0	0	0	0	0	0	0	0	0	0	0	0	0	0	0	0.016	209183
EXTERN-MELA-20140505-046	0	0	0	0	0.128486382967551	0	0.632335343992901	0.120799483918793	0	0.0893467042619865	0	0	0	0	0	0	0	0	0	0	0	0	0	0	0	0	0	0	0	0	0	0	0	0	0	0	0	0	0	0	0	0	0	0	0	0	0	0	0	0	0	0	0	0	0	0	0	0	0	0	0	0	0	0	0	0	0	0.025	45320
EXTERN-MELA-20140505-044	0	0	0	0	0	0	0.693524426421365	0.150115415587439	0.103995104056298	0.0523650539348975	0	0	0	0	0	0	0	0	0	0	0	0	0	0	0	0	0	0	0	0	0	0	0	0	0	0	0	0	0	0	0	0	0	0	0	0	0	0	0	0	0	0	0	0	0	0	0	0	0	0	0	0	0	0	0	0	0	0.028	37879
EXTERN-MELA-20140505-042	0	0	0	0	0.0585146180398545	0	0.66600511912897	0.175567930244931	0	0.051503983982485	0	0	0	0	0	0	0	0	0	0	0	0	0	0	0	0	0	0	0	0	0	0	0	0	0	0	0	0	0	0	0	0	0	0	0	0	0	0	0	0	0	0	0	0	0	0	0	0	0	0	0	0	0	0	0	0	0	0.028	76083
EXTERN-MELA-20140505-050	0	0	0	0	0.124154996620407	0	0.533834951306707	0.217673708402652	0.0635484389185329	0	0	0	0	0	0	0	0	0	0	0	0	0	0	0	0	0	0	0	0	0	0	0	0	0	0	0	0	0	0	0	0	0	0	0	0	0	0	0	0	0	0	0	0	0	0	0	0	0	0	0	0	0	0	0	0	0	0	0.031	57591
EXTERN-MELA-20140505-048	0	0	0	0	0	0	0.480308416029224	0.362363531864219	0.0702654077493758	0	0	0	0	0	0	0	0	0	0	0	0	0	0	0	0	0	0	0	0	0	0	0	0	0	0	0	0	0	0	0	0	0	0	0	0	0	0	0	0	0	0	0	0	0	0	0	0	0	0	0	0	0	0	0	0	0	0	0.032	33547
EXTERN-MELA-20140505-057	0	0	0	0	0	0	0.887223926260368	0.0927882081317799	0	0	0	0	0	0	0	0	0	0	0	0	0	0	0	0	0	0	0	0	0	0	0	0	0	0	0	0	0	0	0	0	0	0	0	0	0	0	0	0	0	0	0	0	0	0	0	0	0	0	0	0	0	0	0	0	0	0	0	0.046	94098
EXTERN-MELA-20140505-055	0.0636036693519575	0	0	0	0.642594241601598	0	0.0739777269870572	0	0.0509486842460943	0	0	0	0	0	0	0	0.0689348813804849	0	0	0	0	0	0	0	0	0	0	0	0	0	0	0	0	0	0	0	0	0	0	0	0	0	0	0	0	0	0	0	0	0	0	0	0	0	0	0	0	0	0	0	0	0	0	0	0	0	0	0.053	3560
EXTERN-MELA-20140505-053	0	0	0	0	0.0710727935031755	0	0.627151514753322	0.26799067369292	0	0	0	0	0	0	0	0	0	0	0	0	0	0	0	0	0	0	0	0	0	0	0	0	0	0	0	0	0	0	0	0	0	0	0	0	0	0	0	0	0	0	0	0	0	0	0	0	0	0	0	0	0	0	0	0	0	0	0	0.021	73502
EXTERN-MELA-20140505-062	0	0.067946496299968	0	0	0	0	0.462635245266716	0.280010288812699	0.12121562279464	0	0	0	0	0	0	0	0	0	0	0	0	0	0	0	0	0	0	0	0	0	0	0	0	0	0	0	0	0	0	0	0	0	0	0	0	0	0	0	0	0	0	0	0	0	0	0	0	0	0	0	0	0	0	0	0	0	0	0.027	311346
EXTERN-MELA-20140505-059	0	0	0	0	0.0510175440475158	0	0.583852689477641	0.283743010552196	0.0511869287348194	0	0	0	0	0	0	0	0	0	0	0	0	0	0	0	0	0	0	0	0	0	0	0	0	0	0	0	0	0	0	0	0	0	0	0	0	0	0	0	0	0	0	0	0	0	0	0	0	0	0	0	0	0	0	0	0	0	0	0.021	192559
EXTERN-MELA-20140505-074	0	0	0	0	0	0	0.686986126076043	0.219970838890441	0	0	0	0	0	0	0	0	0	0	0	0	0	0	0	0	0	0	0	0	0	0	0	0	0	0	0	0	0	0	0	0	0	0	0	0	0	0	0	0	0	0	0	0	0	0	0	0	0	0	0	0	0	0	0	0	0	0	0	0.024	86790
EXTERN-MELA-20140505-068	0	0	0	0	0	0	0.702602039642298	0.148463811965801	0.0598454375220006	0.0528658333603223	0	0	0	0	0	0	0	0	0	0	0	0	0	0	0	0	0	0	0	0	0	0	0	0	0	0	0	0	0	0	0	0	0	0	0	0	0	0	0	0	0	0	0	0	0	0	0	0	0	0	0	0	0	0	0	0	0	0.026	43438
EXTERN-MELA-20140514-009	0	0	0	0	0	0	0.811673235180674	0.136855771438426	0	0	0	0	0	0	0	0	0	0	0	0	0	0	0	0	0	0	0	0	0	0	0	0	0	0	0	0	0	0	0	0	0	0	0	0	0	0	0	0	0	0	0	0	0	0	0	0	0	0	0	0	0	0	0	0	0	0	0	0.021	339573
EXTERN-MELA-20140514-013	0	0	0	0	0.112230524145471	0	0.568929077910116	0.263878819473294	0	0	0	0	0	0	0	0	0	0	0	0	0	0	0	0	0	0	0	0	0	0	0	0	0	0	0	0	0	0	0	0	0	0	0	0	0	0	0	0	0	0	0	0	0	0	0	0	0	0	0	0	0	0	0	0	0	0	0	0.038	29781
EXTERN-MELA-20140514-021	0	0	0	0	0.623959880189827	0	0	0	0.0614010460808848	0	0	0	0	0	0	0	0.0671530112880619	0	0	0	0	0.0719724762841576	0	0	0	0	0	0	0	0	0	0	0	0	0	0	0	0	0	0	0	0	0.0574501827771556	0	0	0	0	0	0	0	0	0	0	0	0	0	0	0	0	0	0	0	0	0	0	0	0	0.052	7357
EXTERN-MELA-20140514-029	0.144347941127971	0	0	0	0.679588062591619	0	0	0	0.0696572589446323	0	0	0	0	0	0	0	0.0704747896009496	0	0	0	0	0	0	0	0	0	0	0	0	0	0	0	0	0	0	0	0	0	0	0	0	0	0	0	0	0	0	0	0	0	0	0	0	0	0	0	0	0	0	0	0	0	0	0	0	0	0	0.051	4034
EXTERN-MELA-20140514-027	0.0921647173406442	0	0	0	0.698292349043024	0	0	0	0.0966789486801585	0	0	0	0	0	0	0	0	0	0	0	0	0	0	0	0	0	0	0	0	0	0	0	0	0	0	0	0	0	0	0	0	0	0.0640776425369712	0	0	0	0	0	0	0	0	0	0	0	0	0	0	0	0	0	0	0	0	0	0	0	0	0.054	3084
EXTERN-MELA-20140514-031	0	0.056724961097568	0	0	0.479452023646985	0	0	0.121488606472883	0	0	0	0	0	0	0	0	0.0841889100897057	0	0	0	0	0	0	0	0	0	0	0	0	0	0	0	0	0	0	0	0	0	0	0	0	0	0.221486198022291	0	0	0	0	0	0	0	0	0	0	0	0	0	0	0	0	0	0	0	0	0	0	0	0	0.035	7699
EXTERN-MELA-20140526-070	0.125236680861388	0	0	0	0.648641206935585	0	0	0	0	0	0	0	0	0	0	0	0	0	0	0	0	0	0	0	0	0	0	0	0	0	0	0	0	0	0	0	0	0	0	0	0	0	0.113868925268332	0	0	0	0	0	0	0	0	0	0	0	0	0	0	0	0	0	0	0	0	0	0	0	0	0.047	3105
EXTERN-MELA-20140526-076	0	0	0	0	0	0	0.691652049520668	0.192002168285958	0	0	0	0	0	0	0	0	0	0	0	0	0	0	0	0	0	0	0	0	0	0	0	0	0	0	0	0	0	0	0	0	0	0	0	0	0	0	0	0	0	0	0	0	0	0	0	0	0	0	0	0	0	0	0	0	0	0	0	0.027	335628
EXTERN-MELA-20140526-072	0	0	0	0	0	0	0.66021881373637	0.244016718122816	0.0568555027003729	0	0	0	0	0	0	0	0	0	0	0	0	0	0	0	0	0	0	0	0	0	0	0	0	0	0	0	0	0	0	0	0	0	0	0	0	0	0	0	0	0	0	0	0	0	0	0	0	0	0	0	0	0	0	0	0	0	0	0.02	236611
EXTERN-MELA-20140524-019	0	0	0	0	0	0	0.664768944747738	0.205244452488364	0.0702736962439175	0	0	0	0	0	0	0	0	0	0	0	0	0	0	0	0	0	0	0	0	0	0	0	0	0	0	0	0	0	0	0	0	0	0	0	0	0	0	0	0	0	0	0	0	0	0	0	0	0	0	0	0	0	0	0	0	0	0	0.022	103243
EXTERN-MELA-20140524-017	0.0687273886594337	0	0	0	0.57548239267896	0	0.062632766268733	0	0	0.102137770807403	0	0	0	0	0	0	0	0	0	0	0	0	0	0	0	0	0	0	0	0	0	0	0	0	0	0	0	0	0	0	0	0	0.0593265267935316	0	0	0	0	0	0	0	0	0	0	0	0	0	0	0	0	0	0	0	0	0	0	0	0	0.048	9199
EXTERN-MELA-20140524-021	0	0	0	0	0.110326719522503	0	0.772648755031019	0.117024525446478	0	0	0	0	0	0	0	0	0	0	0	0	0	0	0	0	0	0	0	0	0	0	0	0	0	0	0	0	0	0	0	0	0	0	0	0	0	0	0	0	0	0	0	0	0	0	0	0	0	0	0	0	0	0	0	0	0	0	0	0.014	32093
EXTERN-MELA-20140924-104	0	0	0	0	0.107387959735963	0	0.63391373309574	0.200591840045785	0	0	0	0	0	0	0	0	0	0	0	0	0	0	0	0	0	0	0	0	0	0	0	0	0	0	0	0	0	0	0	0	0	0	0	0	0	0	0	0	0	0	0	0	0	0	0	0	0	0	0	0	0	0	0	0	0	0	0	0.025	69140
EXTERN-MELA-20140524-048	0	0	0	0	0.0536338250369259	0	0.739349379765082	0.159971542224279	0	0	0	0	0	0	0	0	0	0	0	0	0	0	0	0	0	0	0	0	0	0	0	0	0	0	0	0	0	0	0	0	0	0	0	0	0	0	0	0	0	0	0	0	0	0	0	0	0	0	0	0	0	0	0	0	0	0	0	0.035	97035
EXTERN-MELA-20140924-024	0	0	0	0	0.070231240999573	0	0.705155774977332	0.175699072198178	0	0	0	0	0	0	0	0	0	0	0	0	0	0	0	0	0	0	0	0	0	0	0	0	0	0	0	0	0	0	0	0	0	0	0	0	0	0	0	0	0	0	0	0	0	0	0	0	0	0	0	0	0	0	0	0	0	0	0	0.02	95795
EXTERN-MELA-20140924-002	0	0	0	0	0.0828403167073249	0	0.545288651099164	0.333618277832279	0	0	0	0	0	0	0	0	0	0	0	0	0	0	0	0	0	0	0	0	0	0	0	0	0	0	0	0	0	0	0	0	0	0	0	0	0	0	0	0	0	0	0	0	0	0	0	0	0	0	0	0	0	0	0	0	0	0	0	0.03	164529
EXTERN-MELA-20140924-106	0	0	0	0	0	0	0.760946385380163	0.122167899224766	0	0	0	0	0	0	0	0	0	0	0	0	0	0	0	0	0	0	0	0	0	0	0	0	0	0	0	0	0	0	0	0	0	0	0	0	0	0	0	0	0	0	0	0	0	0	0	0	0	0	0	0	0	0	0	0	0	0	0	0.028	90008
EXTERN-MELA-20140924-108	0	0	0	0	0.0581020930067913	0	0.671197692838041	0.195808784566415	0	0	0	0	0	0	0	0	0	0	0	0	0	0	0	0	0	0	0	0	0	0	0	0	0	0	0	0	0	0	0	0	0	0	0	0	0	0	0	0	0	0	0	0	0	0	0	0	0	0	0	0	0	0	0	0	0	0	0	0.026	92006
EXTERN-MELA-20140924-110	0	0	0	0	0	0	0.686408352436079	0.195560968540881	0.0641241656919709	0	0	0	0	0	0	0	0	0	0	0	0	0	0	0	0	0	0	0	0	0	0	0	0	0	0	0	0	0	0	0	0	0	0	0	0	0	0	0	0	0	0	0	0	0	0	0	0	0	0	0	0	0	0	0	0	0	0	0.029	113589
EXTERN-MELA-20140924-112	0	0	0	0	0	0	0.789008175821828	0.146526321568606	0.0542984076753194	0	0	0	0	0	0	0	0	0	0	0	0	0	0	0	0	0	0	0	0	0	0	0	0	0	0	0	0	0	0	0	0	0	0	0	0	0	0	0	0	0	0	0	0	0	0	0	0	0	0	0	0	0	0	0	0	0	0	0.029	170401
EXTERN-MELA-20140924-006	0	0	0	0	0.103758909753288	0	0.635394532205724	0.17306881347835	0	0	0	0	0	0	0	0	0	0	0	0	0	0	0	0	0	0	0	0	0	0	0	0	0	0	0	0	0	0	0	0	0	0	0	0	0	0	0	0	0	0	0	0	0	0	0	0	0	0	0	0	0	0	0	0	0	0	0	0.028	36128
EXTERN-MELA-20140924-004	0	0	0	0	0.0941275000348245	0	0.751513297591408	0.154359202373767	0	0	0	0	0	0	0	0	0	0	0	0	0	0	0	0	0	0	0	0	0	0	0	0	0	0	0	0	0	0	0	0	0	0	0	0	0	0	0	0	0	0	0	0	0	0	0	0	0	0	0	0	0	0	0	0	0	0	0	0.021	68195
EXTERN-MELA-20140924-114	0	0	0	0	0.0696297939269036	0	0.758168097305639	0.119410510596904	0	0	0	0	0	0	0	0	0	0	0	0	0	0	0	0	0	0	0	0	0	0	0	0	0	0	0	0	0	0	0	0	0	0	0	0	0	0	0	0	0	0	0	0	0	0	0	0	0	0	0	0	0	0	0	0	0	0	0	0.025	103894
EXTERN-MELA-20140924-008	0	0	0	0	0.19024732308236	0	0.601509810865808	0.142044416217079	0	0	0	0	0	0	0	0	0	0	0	0	0	0	0	0	0	0	0	0	0	0	0	0	0	0	0	0	0	0	0	0	0	0	0	0	0	0	0	0	0	0	0	0	0	0	0	0	0	0	0	0	0	0	0	0	0	0	0	0.027	22280
EXTERN-MELA-20140924-116	0	0	0	0	0.0718894361231816	0	0.725706441514782	0.173757110195712	0	0	0	0	0	0	0	0	0	0	0	0	0	0	0	0	0	0	0	0	0	0	0	0	0	0	0	0	0	0	0	0	0	0	0	0	0	0	0	0	0	0	0	0	0	0	0	0	0	0	0	0	0	0	0	0	0	0	0	0.021	56935
EXTERN-MELA-20140924-012	0	0	0	0	0.055707366949941	0	0.7429404525538	0.201352180496259	0	0	0	0	0	0	0	0	0	0	0	0	0	0	0	0	0	0	0	0	0	0	0	0	0	0	0	0	0	0	0	0	0	0	0	0	0	0	0	0	0	0	0	0	0	0	0	0	0	0	0	0	0	0	0	0	0	0	0	0.019	73541
EXTERN-MELA-20140924-118	0	0	0	0	0.117806726893105	0	0.693376927302871	0.188816345804024	0	0	0	0	0	0	0	0	0	0	0	0	0	0	0	0	0	0	0	0	0	0	0	0	0	0	0	0	0	0	0	0	0	0	0	0	0	0	0	0	0	0	0	0	0	0	0	0	0	0	0	0	0	0	0	0	0	0	0	0.023	85080
EXTERN-MELA-20140526-032	0	0	0	0	0.143812142242275	0	0.622599881027741	0.203681440092315	0	0	0	0	0	0	0	0	0	0	0	0	0	0	0	0	0	0	0	0	0	0	0	0	0	0	0	0	0	0	0	0	0	0	0	0	0	0	0	0	0	0	0	0	0	0	0	0	0	0	0	0	0	0	0	0	0	0	0	0.023	28061
EXTERN-MELA-20140526-034	0	0.073434324452416	0	0	0	0	0.596401953232364	0.246305316287992	0	0	0	0	0	0	0	0	0	0	0	0	0	0	0	0	0	0	0	0	0	0	0	0	0	0	0	0	0	0	0	0	0	0	0	0	0	0	0	0	0	0	0	0	0	0	0	0	0	0	0	0	0	0	0	0	0	0	0	0.023	535940
EXTERN-MELA-20140526-042	0	0	0	0	0.100718511585833	0	0.692420751213478	0.17497851837502	0	0	0	0	0	0	0	0	0	0	0	0	0	0	0	0	0	0	0	0	0	0	0	0	0	0	0	0	0	0	0	0	0	0	0	0	0	0	0	0	0	0	0	0	0	0	0	0	0	0	0	0	0	0	0	0	0	0	0	0.019	71958
EXTERN-MELA-20140526-040	0	0	0	0	0	0	0.72923668763994	0.205884451567478	0	0	0	0	0	0	0	0	0	0	0	0	0	0	0	0	0	0	0	0	0	0	0	0	0	0	0	0	0	0	0	0	0	0	0	0	0	0	0	0	0	0	0	0	0	0	0	0	0	0	0	0	0	0	0	0	0	0	0	0.038	72620
EXTERN-MELA-20140526-048	0	0	0	0	0	0	0.718702946200741	0.183725215921809	0	0	0	0	0	0	0	0	0	0	0	0	0	0	0	0	0	0	0	0	0	0	0	0	0	0	0	0	0	0	0	0	0	0	0	0	0	0	0	0	0	0	0	0	0	0	0	0	0	0	0	0	0	0	0	0	0	0	0	0.028	277301
EXTERN-MELA-20140526-050	0	0	0	0	0	0	0.689150588825493	0.241243232557478	0	0	0	0	0	0	0	0	0	0	0	0	0	0	0	0	0	0	0	0	0	0	0	0	0	0	0	0	0	0	0	0	0	0	0	0	0	0	0	0	0	0	0	0	0	0	0	0	0	0	0	0	0	0	0	0	0	0	0	0.033	145958
EXTERN-MELA-20140526-062	0	0	0	0	0.0610210284365975	0	0.74285757877107	0.167222418651363	0	0	0	0	0	0	0	0	0	0	0	0	0	0	0	0	0	0	0	0	0	0	0	0	0	0	0	0	0	0	0	0	0	0	0	0	0	0	0	0	0	0	0	0	0	0	0	0	0	0	0	0	0	0	0	0	0	0	0	0.022	383889
EXTERN-MELA-20140526-066	0	0	0	0	0.0589269678646878	0	0.683588915062189	0.20291916060374	0	0.0545649564693829	0	0	0	0	0	0	0	0	0	0	0	0	0	0	0	0	0	0	0	0	0	0	0	0	0	0	0	0	0	0	0	0	0	0	0	0	0	0	0	0	0	0	0	0	0	0	0	0	0	0	0	0	0	0	0	0	0	0.027	37585
EXTERN-MELA-20140526-068	0	0	0	0	0	0	0.823433208072302	0.132330099119739	0	0	0	0	0	0	0	0	0	0	0	0	0	0	0	0	0	0	0	0	0	0	0	0	0	0	0	0	0	0	0	0	0	0	0	0	0	0	0	0	0	0	0	0	0	0	0	0	0	0	0	0	0	0	0	0	0	0	0	0.018	357369
EXTERN-MELA-20140526-087	0	0	0	0	0.204533459447041	0	0.500077020373307	0.221663748174348	0	0.0548085153397324	0	0	0	0	0	0	0	0	0	0	0	0	0	0	0	0	0	0	0	0	0	0	0	0	0	0	0	0	0	0	0	0	0	0	0	0	0	0	0	0	0	0	0	0	0	0	0	0	0	0	0	0	0	0	0	0	0	0.036	78714
EXTERN-MELA-20140526-095	0	0	0	0	0.0921842606841706	0	0.767819290660825	0.139996448655005	0	0	0	0	0	0	0	0	0	0	0	0	0	0	0	0	0	0	0	0	0	0	0	0	0	0	0	0	0	0	0	0	0	0	0	0	0	0	0	0	0	0	0	0	0	0	0	0	0	0	0	0	0	0	0	0	0	0	0	0.017	105739
EXTERN-MELA-20140526-104	0	0	0	0	0.0585700399927572	0	0.71533304595461	0.193027426172915	0	0	0	0	0	0	0	0	0	0	0	0	0	0	0	0	0	0	0	0	0	0	0	0	0	0	0	0	0	0	0	0	0	0	0	0	0	0	0	0	0	0	0	0	0	0	0	0	0	0	0	0	0	0	0	0	0	0	0	0.031	123161
EXTERN-MELA-20140528-005	0.130987347187561	0	0	0	0.707246343238334	0	0	0	0.0593982616948714	0	0	0	0	0	0	0	0	0	0	0	0	0	0	0	0	0	0	0	0	0	0	0	0	0	0	0	0	0	0	0	0	0	0	0	0	0	0	0	0	0	0	0	0	0	0	0	0	0	0	0	0	0	0	0	0	0	0	0.044	5677
EXTERN-MELA-20140530-001	0	0	0	0	0.0843284735177781	0	0.619852848994022	0.151382185825003	0.0771192903621651	0	0	0	0	0	0	0	0	0	0	0	0	0	0	0	0	0	0	0	0	0	0	0	0	0	0	0	0	0	0	0	0	0	0	0	0	0	0	0	0	0	0	0	0	0	0	0	0	0	0	0	0	0	0	0	0	0	0	0.027	57567
EXTERN-MELA-20140528-011	0	0	0	0	0.0599196217803361	0	0.640670968909685	0.25492991227424	0	0	0	0	0	0	0	0	0	0	0	0	0	0	0	0	0	0	0	0	0	0	0	0	0	0	0	0	0	0	0	0	0	0	0	0	0	0	0	0	0	0	0	0	0	0	0	0	0	0	0	0	0	0	0	0	0	0	0	0.023	122230
EXTERN-MELA-20140528-009	0.0524709506282383	0	0	0	0.545962345108805	0	0.056988163700935	0	0.116144832103253	0.0906204616390218	0	0	0	0	0	0	0.0505920384068803	0	0	0	0	0	0	0	0	0	0	0	0	0	0	0	0	0	0	0	0	0	0	0	0	0	0	0	0	0	0	0	0	0	0	0	0	0	0	0	0	0	0	0	0	0	0	0	0	0	0	0.049	6600
EXTERN-MELA-20140526-025	0	0	0	0	0.103114630334768	0	0.764910911553062	0.10118016249749	0	0	0	0	0	0	0	0	0	0	0	0	0	0	0	0	0	0	0	0	0	0	0	0	0	0	0	0	0	0	0	0	0	0	0	0	0	0	0	0	0	0	0	0	0	0	0	0	0	0	0	0	0	0	0	0	0	0	0	0.023	5712
EXTERN-MELA-20140526-023	0	0	0	0	0	0	0.741054562724364	0.170980641024549	0	0	0	0	0	0	0	0	0	0	0	0	0	0	0	0	0	0	0	0	0	0	0	0	0	0	0	0	0	0	0	0	0	0	0	0	0	0	0	0	0	0	0	0	0	0	0	0	0	0	0	0	0	0	0	0	0	0	0	0.029	60320
EXTERN-MELA-20140530-021	0	0	0	0	0	0	0.567864571189122	0.359518363379801	0	0	0	0	0	0	0	0	0	0	0	0	0	0	0	0	0	0	0	0	0	0	0	0	0	0	0	0	0	0	0	0	0	0	0	0	0	0	0	0	0	0	0	0	0	0	0	0	0	0	0	0	0	0	0	0	0	0	0	0.036	125260
EXTERN-MELA-20140924-015	0	0	0	0	0	0	0.645946484743276	0.213743478511658	0.0697640343441772	0.0623821983153912	0	0	0	0	0	0	0	0	0	0	0	0	0	0	0	0	0	0	0	0	0	0	0	0	0	0	0	0	0	0	0	0	0	0	0	0	0	0	0	0	0	0	0	0	0	0	0	0	0	0	0	0	0	0	0	0	0	0.03	293586
EXTERN-MELA-20140924-010	0	0	0	0	0.0990472504000498	0	0.736051979212375	0.164900770387575	0	0	0	0	0	0	0	0	0	0	0	0	0	0	0	0	0	0	0	0	0	0	0	0	0	0	0	0	0	0	0	0	0	0	0	0	0	0	0	0	0	0	0	0	0	0	0	0	0	0	0	0	0	0	0	0	0	0	0	0.026	33829
EXTERN-MELA-20140924-018	0	0	0	0	0	0	0.761762314938669	0.211025094093286	0	0	0	0	0	0	0	0	0	0	0	0	0	0	0	0	0	0	0	0	0	0	0	0	0	0	0	0	0	0	0	0	0	0	0	0	0	0	0	0	0	0	0	0	0	0	0	0	0	0	0	0	0	0	0	0	0	0	0	0.05	320316
EXTERN-MELA-20140924-026	0.0552652335231698	0	0	0	0.683228495761167	0	0	0	0.063629014112565	0	0	0	0	0	0	0	0	0	0	0	0	0	0	0	0	0	0	0	0	0	0	0	0	0	0	0	0	0	0	0	0	0	0.0620703272326057	0	0	0	0	0	0	0	0	0	0	0	0	0	0	0	0	0	0	0	0	0	0	0	0	0.047	5273
EXTERN-MELA-20140924-030	0	0	0	0	0	0	0.587292214729868	0.228643454161648	0.0968308046285097	0.0773453027806665	0	0	0	0	0	0	0	0	0	0	0	0	0	0	0	0	0	0	0	0	0	0	0	0	0	0	0	0	0	0	0	0	0	0	0	0	0	0	0	0	0	0	0	0	0	0	0	0	0	0	0	0	0	0	0	0	0	0.022	371028
EXTERN-MELA-20140530-003	0	0	0	0	0	0	0.78203130443452	0.118020476159899	0	0.0701614323097703	0	0	0	0	0	0	0	0	0	0	0	0	0	0	0	0	0	0	0	0	0	0	0	0	0	0	0	0	0	0	0	0	0	0	0	0	0	0	0	0	0	0	0	0	0	0	0	0	0	0	0	0	0	0	0	0	0	0.023	684506
EXTERN-MELA-20140530-005	0	0	0	0	0.105289844929683	0	0.611511590837588	0.179342910591133	0	0	0	0	0	0	0	0	0	0	0	0	0	0	0	0	0	0	0	0	0	0	0	0	0	0	0	0	0	0	0	0	0	0	0	0	0	0	0	0	0	0	0	0	0	0	0	0	0	0	0	0	0	0	0	0	0	0	0	0.04	77997
EXTERN-MELA-20140530-007	0	0	0	0	0.0796207739887196	0	0.622367542339589	0.205177881755102	0	0	0	0	0	0	0	0	0	0	0	0	0	0	0	0	0	0	0	0	0	0	0	0	0	0	0	0	0	0	0	0	0	0	0	0	0	0	0	0	0	0	0	0	0	0	0	0	0	0	0	0	0	0	0	0	0	0	0	0.03	95820
EXTERN-MELA-20140530-009	0	0	0	0	0	0	0.797162108176113	0.15573753138445	0	0	0	0	0	0	0	0	0	0	0	0	0	0	0	0	0	0	0	0	0	0	0	0	0	0	0	0	0	0	0	0	0	0	0	0	0	0	0	0	0	0	0	0	0	0	0	0	0	0	0	0	0	0	0	0	0	0	0	0.028	79382
EXTERN-MELA-20140530-013	0	0	0	0	0.0555107504265079	0	0.82154121546017	0.122948034113322	0	0	0	0	0	0	0	0	0	0	0	0	0	0	0	0	0	0	0	0	0	0	0	0	0	0	0	0	0	0	0	0	0	0	0	0	0	0	0	0	0	0	0	0	0	0	0	0	0	0	0	0	0	0	0	0	0	0	0	0.022	50213
EXTERN-MELA-20140530-015	0	0	0	0	0	0	0.60031655954016	0.258403032035835	0.060333973622009	0	0	0	0	0	0	0	0	0	0	0	0	0	0	0	0	0	0	0	0	0	0	0	0	0	0	0	0	0	0	0	0	0	0	0	0	0	0	0	0	0	0	0	0	0	0	0	0	0	0	0	0	0	0	0	0	0	0	0.022	65104
EXTERN-MELA-20140530-017	0	0	0	0	0	0	0.644623037105635	0.268825274261911	0	0	0	0	0	0	0	0	0	0	0	0	0	0	0	0	0	0	0	0	0	0	0	0	0	0	0	0	0	0	0	0	0	0	0	0	0	0	0	0	0	0	0	0	0	0	0	0	0	0	0	0	0	0	0	0	0	0	0	0.029	289461
EXTERN-MELA-20140530-019	0.093396638758812	0.0822472461257225	0	0	0.607836398032565	0	0	0.0786562715081418	0	0	0	0	0	0	0	0	0.0671012109129865	0	0	0	0	0	0	0	0	0	0	0	0	0	0	0	0	0	0	0	0	0	0	0	0	0	0	0	0	0	0	0	0	0	0	0	0	0	0	0	0	0	0	0	0	0	0	0	0	0	0	0.045	1602
EXTERN-MELA-20140924-090	0	0	0	0	0	0	0.765591169756073	0.184956702648237	0	0	0	0	0	0	0	0	0	0	0	0	0	0	0	0	0	0	0	0	0	0	0	0	0	0	0	0	0	0	0	0	0	0	0	0	0	0	0	0	0	0	0	0	0	0	0	0	0	0	0	0	0	0	0	0	0	0	0	0.026	361100
EXTERN-MELA-20140924-096	0	0	0	0	0	0	0.870094129580231	0.0998157129818424	0	0	0	0	0	0	0	0	0	0	0	0	0	0	0	0	0	0	0	0	0	0	0	0	0	0	0	0	0	0	0	0	0	0	0	0	0	0	0	0	0	0	0	0	0	0	0	0	0	0	0	0	0	0	0	0	0	0	0	0.019	807403
EXTERN-MELA-20140924-099	0	0	0	0	0	0	0.726567405144861	0.142087910706144	0	0.0628723081805898	0	0	0	0	0	0	0	0	0	0	0	0	0	0	0	0	0	0	0	0	0	0	0	0	0	0	0	0	0	0	0	0	0	0	0	0	0	0	0	0	0	0	0	0	0	0	0	0	0	0	0	0	0	0	0	0	0	0.02	323686
EXTERN-MELA-20140924-102	0	0	0	0	0.0636837262271318	0	0.723344799778689	0.169559123378933	0	0	0	0	0	0	0	0	0	0	0	0	0	0	0	0	0	0	0	0	0	0	0	0	0	0	0	0	0	0	0	0	0	0	0	0	0	0	0	0	0	0	0	0	0	0	0	0	0	0	0	0	0	0	0	0	0	0	0	0.021	93028
EXTERN-MELA-20140924-124	0	0	0	0	0.0533518938180593	0	0.750755624579535	0.195892481602406	0	0	0	0	0	0	0	0	0	0	0	0	0	0	0	0	0	0	0	0	0	0	0	0	0	0	0	0	0	0	0	0	0	0	0	0	0	0	0	0	0	0	0	0	0	0	0	0	0	0	0	0	0	0	0	0	0	0	0	0.021	26431
EXTERN-MELA-20140924-057	0.0964948688042471	0	0	0	0.581935728785019	0	0.089540131499913	0	0.0740158668206886	0	0	0	0	0	0	0	0	0	0	0	0	0	0	0	0	0	0	0	0	0	0	0	0	0	0	0	0	0	0	0	0	0	0.114732758563735	0	0	0	0	0	0	0	0	0	0	0	0	0	0	0	0	0	0	0	0	0	0	0	0	0.05	6466
EXTERN-MELA-20140924-060	0	0	0	0	0.121868909604369	0	0.53736840488218	0.231158583613871	0	0	0	0	0	0	0	0	0	0	0	0	0	0	0	0	0	0	0	0	0	0	0	0	0	0	0	0	0	0	0	0	0	0	0	0	0	0	0	0	0	0	0	0	0	0	0	0	0	0	0	0	0	0	0	0	0	0	0	0.037	71532
EXTERN-MELA-20140924-063	0	0	0	0	0.125860870818781	0	0.638975885033234	0.150353471701994	0	0	0	0	0	0	0	0	0	0	0	0	0	0	0	0	0	0	0	0	0	0	0	0	0	0	0	0	0	0	0	0	0	0	0.0537698453719697	0	0	0	0	0	0	0	0	0	0	0	0	0	0	0	0	0	0	0	0	0	0	0	0	0.035	21723
EXTERN-MELA-20140924-066	0.0538752998790057	0	0	0	0.504421162637526	0	0.124835384152964	0	0.0523556292201126	0.0990485983615485	0	0	0	0	0	0	0	0	0	0	0	0	0	0	0	0	0	0	0	0	0	0	0	0	0	0	0	0	0	0	0	0	0.0898856424788181	0	0	0	0	0	0	0	0	0	0	0	0	0	0	0	0	0	0	0	0	0	0	0	0	0.049	4949
EXTERN-MELA-20140924-069	0	0	0	0	0.191933413660539	0	0.491898440418067	0.232118702518457	0	0	0	0	0	0	0	0	0	0	0	0	0	0	0	0	0	0	0	0	0	0	0	0	0	0	0	0	0	0	0	0	0	0	0	0	0	0	0	0	0	0	0	0	0	0	0	0	0	0	0	0	0	0	0	0	0	0	0	0.026	40962
EXTERN-MELA-20140924-078	0	0	0	0	0	0	0.504054263233607	0.365504056656378	0.0942298363628536	0	0	0	0	0	0	0	0	0	0	0	0	0	0	0	0	0	0	0	0	0	0	0	0	0	0	0	0	0	0	0	0	0	0	0	0	0	0	0	0	0	0	0	0	0	0	0	0	0	0	0	0	0	0	0	0	0	0	0.027	757409
EXTERN-MELA-20140924-072	0.06499425750191	0	0	0	0.860879610568061	0	0	0	0.0582557177787472	0	0	0	0	0	0	0	0	0	0	0	0	0	0	0	0	0	0	0	0	0	0	0	0	0	0	0	0	0	0	0	0	0	0	0	0	0	0	0	0	0	0	0	0	0	0	0	0	0	0	0	0	0	0	0	0	0	0	0.059	2599
EXTERN-MELA-20140924-084	0	0	0	0	0	0	0.779911418528515	0.137949325874948	0	0	0	0	0	0	0	0	0	0	0	0	0	0	0	0	0	0	0	0	0	0	0	0	0	0	0	0	0	0	0	0	0	0	0	0	0	0	0	0	0	0	0	0	0	0	0	0	0	0	0	0	0	0	0	0	0	0	0	0.044	150061
EXTERN-MELA-20140924-081	0	0	0	0	0	0	0.424279929506629	0.402540969391419	0.0774574932448211	0	0	0	0	0	0	0	0	0	0	0	0	0	0	0	0	0	0	0	0	0	0	0	0	0	0	0	0	0	0	0	0	0	0	0	0	0	0	0	0	0	0	0	0	0	0	0	0	0	0	0	0	0	0	0	0	0	0	0.03	924140
EXTERN-MELA-20140924-087	0	0	0	0	0.202715190823898	0	0.598318045236036	0.170378538511601	0	0	0	0	0	0	0	0	0	0	0	0	0	0	0	0	0	0	0	0	0	0	0	0	0	0	0	0	0	0	0	0	0	0	0	0	0	0	0	0	0	0	0	0	0	0	0	0	0	0	0	0	0	0	0	0	0	0	0	0.024	13264
EXTERN-MELA-20140924-130	0	0	0	0	0.129715738956403	0	0.57690019777975	0.22941263021901	0	0	0	0	0	0	0	0	0	0	0	0	0	0	0	0	0	0	0	0	0	0	0	0	0	0	0	0	0	0	0	0	0	0	0.050116818919066	0	0	0	0	0	0	0	0	0	0	0	0	0	0	0	0	0	0	0	0	0	0	0	0	0.022	25284
EXTERN-MELA-20140924-132	0	0	0	0	0.0848028400099078	0	0.553726547190135	0.254456071377034	0.0519925548321318	0	0	0	0	0	0	0	0	0	0	0	0	0	0	0	0	0	0	0	0	0	0	0	0	0	0	0	0	0	0	0	0	0	0	0	0	0	0	0	0	0	0	0	0	0	0	0	0	0	0	0	0	0	0	0	0	0	0	0.023	389033
EXTERN-MELA-20140924-136	0	0	0	0	0.144366773899121	0	0.682282705009666	0.124822857012915	0	0	0	0	0	0	0	0	0	0	0	0	0	0	0	0	0	0	0	0	0	0	0	0	0	0	0	0	0	0	0	0	0	0	0	0	0	0	0	0	0	0	0	0	0	0	0	0	0	0	0	0	0	0	0	0	0	0	0	0.03	6654
EXTERN-MELA-20140924-134	0	0.0607544658668274	0	0	0.10820643217592	0	0.63853339246573	0.135827231902602	0.0566784775889204	0	0	0	0	0	0	0	0	0	0	0	0	0	0	0	0	0	0	0	0	0	0	0	0	0	0	0	0	0	0	0	0	0	0	0	0	0	0	0	0	0	0	0	0	0	0	0	0	0	0	0	0	0	0	0	0	0	0	0.02	19258
