	A[C>A]A	A[C>A]C	A[C>A]G	A[C>A]T	C[C>A]A	C[C>A]C	C[C>A]G	C[C>A]T	G[C>A]A	G[C>A]C	G[C>A]G	G[C>A]T	T[C>A]A	T[C>A]C	T[C>A]G	T[C>A]T	A[C>G]A	A[C>G]C	A[C>G]G	A[C>G]T	C[C>G]A	C[C>G]C	C[C>G]G	C[C>G]T	G[C>G]A	G[C>G]C	G[C>G]G	G[C>G]T	T[C>G]A	T[C>G]C	T[C>G]G	T[C>G]T	A[C>T]A	A[C>T]C	A[C>T]G	A[C>T]T	C[C>T]A	C[C>T]C	C[C>T]G	C[C>T]T	G[C>T]A	G[C>T]C	G[C>T]G	G[C>T]T	T[C>T]A	T[C>T]C	T[C>T]G	T[C>T]T	A[T>A]A	A[T>A]C	A[T>A]G	A[T>A]T	C[T>A]A	C[T>A]C	C[T>A]G	C[T>A]T	G[T>A]A	G[T>A]C	G[T>A]G	G[T>A]T	T[T>A]A	T[T>A]C	T[T>A]G	T[T>A]T	A[T>C]A	A[T>C]C	A[T>C]G	A[T>C]T	C[T>C]A	C[T>C]C	C[T>C]G	C[T>C]T	G[T>C]A	G[T>C]C	G[T>C]G	G[T>C]T	T[T>C]A	T[T>C]C	T[T>C]G	T[T>C]T	A[T>G]A	A[T>G]C	A[T>G]G	A[T>G]T	C[T>G]A	C[T>G]C	C[T>G]G	C[T>G]T	G[T>G]A	G[T>G]C	G[T>G]G	G[T>G]T	T[T>G]A	T[T>G]C	T[T>G]G	T[T>G]T
SBS1	0.000886	0.00228	0.000177	0.00128	0.000312	0.00179	9.32e-05	2.2299999999999998e-16	0.00158	0.000339	0.000587	2.2299999999999998e-16	6.579999999999999e-05	0.00253	2.2299999999999998e-16	5.88e-06	0.00186	0.00122	0.00011499999999999999	0.00114	2.4100000000000003e-05	7.68e-05	0.000352	2.2299999999999998e-16	9.59e-06	0.000164	0.000166	2.2299999999999998e-16	2.2299999999999998e-16	0.00020299999999999997	6.94e-05	0.00156	0.025	0.00632	0.365	0.00958	0.002	0.00027	0.196	0.000196	0.0044399999999999995	9.279999999999999e-05	0.218	3.84e-05	0.0011099999999999999	3.73e-05	0.11	2.2299999999999998e-16	0.0008	0.00223	0.00114	0.000183	4.3e-05	0.000393	0.000324	0.00026000000000000003	8.120000000000001e-05	0.000129	0.000246	0.000258	0.00672	2.2299999999999998e-16	2.8000000000000003e-05	0.00225	0.00109	0.0030399999999999997	0.000106	0.0057399999999999994	2.2299999999999998e-16	0.0025	0.00036	4.26e-05	0.00105	0.0019	0.00117	7.13e-05	0.00025499999999999996	0.00339	0.00041600000000000003	0.00433	0.000172	0.000207	0.000268	0.00011200000000000001	3.5499999999999996e-05	0.000212	0.000128	0.000171	2.2299999999999998e-16	2.2299999999999998e-16	0.000348	1.4599999999999999e-05	2.2299999999999998e-16	5.5100000000000004e-05	0.000583	2.2299999999999998e-16
SBS2	5.8e-07	0.000148	5.2300000000000004e-05	9.779999999999999e-05	0.00020800000000000001	9.53e-05	2.2299999999999998e-16	0.000421	8.62e-05	2.2299999999999998e-16	1.39e-05	5.12e-05	0.0006389999999999999	0.00016999999999999999	8.53e-05	0.00044	2.2299999999999998e-16	0.000133	1.52e-05	9.120000000000001e-05	2.2299999999999998e-16	0.00035099999999999997	4.8700000000000005e-05	6.36e-05	6.54e-05	0.000261	2.2299999999999998e-16	0.000134	2.2299999999999998e-16	9.87e-05	4.1200000000000005e-05	0.00118	6.11e-05	0.0013800000000000002	3.27e-05	0.00186	0.00432	0.00016999999999999999	0.00277	0.00145	2.2299999999999998e-16	1.29e-07	2.2299999999999998e-16	5.04e-05	0.536	0.0973	0.0442	0.3	9.590000000000001e-05	0.000878	2.55e-05	2.2299999999999998e-16	0.00024300000000000002	0.000244	0.000149	2.2299999999999998e-16	2.2299999999999998e-16	0.000131	6.38e-05	6.28e-05	0.00042199999999999996	0.000192	5.01e-05	0.000205	6.17e-05	2.15e-05	1.32e-05	0.000155	0.000302	2.8499999999999998e-05	2.2299999999999998e-16	0.00018600000000000002	2.2299999999999998e-16	2.7399999999999995e-05	0.00010700000000000001	1.25e-05	2.2299999999999998e-16	4.35e-05	0.000117	3.5799999999999996e-05	0.00023799999999999998	7.46e-05	2.05e-06	3.76e-06	0.000153	0.000155	0.000121	0.00020299999999999997	0.00020899999999999998	0.000133	3.71e-05	2.2299999999999998e-16	1.67e-05	7.04e-05	9.54e-05	2.2299999999999998e-16
SBS3	0.0208	0.0165	0.00175	0.0122	0.0225	0.0253	0.00251	0.0154	0.00713	0.0109	0.00143	0.01	0.008409999999999999	0.0168	0.00141	0.00997	0.0197	0.0117	0.00025299999999999997	0.0174	0.0193	0.0141	0.0015	0.0223	0.0127	0.00863	0.00242	0.0147	0.0133	0.0203	0.0005200000000000001	0.0235	0.0142	0.0124	0.00257	0.0121	0.0161	0.0202	0.00224	0.023	0.0164	0.0134	0.000528	0.0113	0.00576	0.0133	0.000989	0.00817	0.00549	0.007209999999999999	0.009640000000000001	0.00611	0.007940000000000001	0.0178	0.0132	0.0127	0.0070599999999999994	0.00748	0.0116	0.0123	0.006509999999999999	0.0105	0.00671	0.013	0.0165	0.0077599999999999995	0.0123	0.0173	0.00883	0.0145	0.0101	0.0158	0.00998	0.00564	0.0109	0.0102	0.0152	0.00899	0.0069299999999999995	0.0139	0.00395	0.0026	0.0063	0.0039700000000000004	0.004370000000000001	0.00704	0.0107	0.00703	0.00442	0.00234	0.0109	0.00583	0.00725	0.00628	0.00805	0.0105
SBS4	0.0422	0.0333	0.0156	0.0295	0.0807	0.0797	0.0245	0.069	0.0316	0.0348	0.0153	0.0212	0.0398	0.0469	0.0109	0.0413	0.00689	0.0028399999999999996	0.00128	0.00355	0.00783	0.00687	0.0034	0.0068200000000000005	0.0052899999999999996	0.00575	0.0033	0.0030399999999999997	0.00358	0.00595	0.00183	0.0033799999999999998	0.0087	0.00418	0.0007830000000000001	0.00425	0.0127	0.0115	0.00331	0.016	0.00409	0.00446	0.000482	0.00381	0.00374	0.0069900000000000006	0.000281	0.00722	0.00942	0.0035299999999999997	0.0124	0.00421	0.0144	0.0122	0.0325	0.0118	0.00922	0.0036	0.0131	0.005520000000000001	0.008879999999999999	0.0043100000000000005	0.00954	0.00562	0.00795	0.000715	0.005	0.00156	0.00518	0.00236	0.0055	0.00256	0.0029	0.00118	0.00237	0.000755	0.0024100000000000002	0.000503	0.0017399999999999998	0.0006360000000000001	0.00105	0.00015900000000000002	0.0014199999999999998	0.00021600000000000002	0.0008699999999999999	0.00044100000000000004	0.00379	0.0012	0.000598	0.00025299999999999997	0.00243	0.000252	0.000377	0.000174	0.00232	0.0005679999999999999
SBS5	0.012	0.00944	0.00185	0.0066099999999999996	0.00743	0.00614	0.00346	0.006490000000000001	0.0102	0.00765	0.00234	0.0068200000000000005	0.007859999999999999	0.009170000000000001	0.0023	0.0127	0.0101	0.0057	0.00172	0.0101	0.006959999999999999	0.00907	0.00249	0.00953	0.00468	0.0050799999999999994	0.00151	0.00672	0.007809999999999999	0.0076	0.0017100000000000001	0.0125	0.0326	0.0179	0.00618	0.022	0.0194	0.019	0.0175	0.0231	0.0194	0.0216	0.0123	0.0186	0.0203	0.023	0.0159	0.021	0.007379999999999999	0.0069299999999999995	0.00912	0.0062	0.0035399999999999997	0.00519	0.0050100000000000006	0.0043	0.00367	0.0029100000000000003	0.00411	0.00322	0.0063100000000000005	0.00414	0.00479	0.00875	0.0462	0.0134	0.0382	0.0383	0.0133	0.0104	0.0208	0.0149	0.0141	0.007940000000000001	0.015	0.0137	0.018	0.00971	0.0127	0.0185	0.00386	0.0026	0.007940000000000001	0.00483	0.00259	0.00461	0.00613	0.0073	0.00252	0.0017100000000000001	0.0053	0.00235	0.005220000000000001	0.00656	0.006940000000000001	0.0135
SBS6	0.000425	0.000524	5.2000000000000004e-05	0.00018	0.00182	0.00409	0.00165	0.0096	0.00042699999999999997	0.0009130000000000001	0.000357	0.00123	0.000356	0.0004980000000000001	0.0002	0.0007469999999999999	0.000471	0.00028900000000000003	2.22e-16	0.000254	4.11e-05	3.72e-05	8.43e-05	1.4400000000000001e-05	1.9399999999999997e-05	0.000685	2.22e-16	0.000321	4.970000000000001e-05	0.000113	1.95e-06	0.000128	0.0641	0.0229	0.12	0.0213	0.0136	0.0148	0.122	0.0138	0.0936	0.111	0.17800000000000002	0.0744	0.012	0.0105	0.052	0.0069900000000000006	9.82e-05	0.000546	2.22e-16	0.0016600000000000002	6.659999999999999e-05	0.000551	0.00011499999999999999	0.00017900000000000001	5.1e-05	0.000489	0.000195	0.000248	0.000454	0.00011399999999999999	2.95e-05	0.000426	0.00221	0.0011300000000000001	0.00424	0.000502	0.0016600000000000002	0.00103	0.00532	0.0012699999999999999	0.00257	0.0011099999999999999	0.00245	0.000906	0.00148	0.00109	0.00213	0.0017399999999999998	2.57e-05	0.000204	0.00010700000000000001	0.000386	4.95e-05	0.000784	0.000924	0.0013	4.35e-05	0.000213	0.00027400000000000005	0.000787	0.000105	0.00028700000000000004	0.000324	0.00101
SBS7a	6.7e-05	0.00017900000000000001	7.120000000000001e-05	0.000248	0.000455	0.00023999999999999998	2.2299999999999998e-16	0.00037200000000000004	4.0600000000000004e-05	0.000138	4.2499999999999996e-05	2.2299999999999998e-16	0.00039	0.0006360000000000001	3.4399999999999996e-05	0.0006129999999999999	6.49e-05	2.1600000000000003e-05	5.08e-05	9.559999999999999e-05	2.2299999999999998e-16	0.000131	7.75e-05	9.559999999999999e-05	1.9600000000000002e-05	3.32e-05	4.51e-05	4.2e-05	2.2299999999999998e-16	5.0900000000000004e-05	6.35e-06	0.000281	0.000122	0.0177	2.2299999999999998e-16	0.00742	0.05	0.0553	0.00671	0.0566	8.49e-05	0.0117	5.52e-06	0.0161	0.23800000000000002	0.331	0.0741	0.107	0.0019399999999999999	0.00067	0.000587	0.00371	0.000177	0.000261	0.00011200000000000001	0.000371	0.000401	0.00022400000000000002	0.00029	0.000306	0.000356	0.000389	2.2299999999999998e-16	0.000798	0.00049	0.000227	0.00018700000000000002	0.000615	0.00045099999999999996	0.000259	0.00010400000000000001	0.00182	0.000101	7.41e-05	7.25e-05	0.000811	0.00215	0.000596	0.000319	0.0008119999999999999	0.00047300000000000006	0.00024700000000000004	0.000276	0.000309	8.420000000000001e-05	0.000172	2.2299999999999998e-16	2.65e-05	9.059999999999999e-05	0.000121	0.000325	0.0008349999999999999	0.000128	0.00011599999999999999	2.2299999999999998e-16	8.290000000000001e-05
SBS7b	0.00233	0.00046100000000000004	0.00018600000000000002	0.0007099999999999999	0.00114	0.00155	0.000408	0.00149	0.000746	0.000215	7.290000000000001e-05	0.000147	0.0029	0.00352	0.0003	0.00141	8.56e-06	0.00018899999999999999	0.000505	0.000285	0.000458	0.0009599999999999999	0.000791	0.0008900000000000001	5.11e-05	0.000452	0.000337	0.000277	0.000254	0.00162	0.000364	0.000714	0.00141	0.0381	0.000543	0.0108	0.107	0.182	0.0221	0.126	0.0008550000000000001	0.0263	0.000176	0.00539	0.0066099999999999996	0.21100000000000002	0.0574	0.102	0.00249	0.00046699999999999997	0.00156	0.00829	0.00112	0.000958	0.000883	0.00011200000000000001	0.000526	0.000256	0.000656	5.59e-05	0.00324	0.00224	0.0017	2.22e-16	0.0010199999999999999	0.00045599999999999997	0.0015	0.00215	0.0015300000000000001	0.00084	0.00073	0.00573	0.000266	2.22e-16	0.000529	0.00685	0.006	0.00173	0.00381	0.00297	8.44e-05	0.000932	0.00147	0.000733	0.000359	0.000792	0.0012900000000000001	3.68e-06	0.000323	0.000321	0.0024100000000000002	0.00183	0.0009550000000000001	0.00155	0.00135	0.0017699999999999999
SBS7c	0.00483	0.00115	0.000377	0.00196	0.000109	0.00309	0.0019100000000000002	0.0135	0.00105	0.000742	2.22e-16	0.000363	0.00252	0.0142	2.22e-16	0.00373	0.00112	0.000319	2.22e-16	0.00193	0.000206	0.0022600000000000003	0.000262	0.00424	0.000182	0.00047300000000000006	0.00018	0.00128	0.0019399999999999999	0.00461	8.75e-06	0.0123	0.00133	0.007679999999999999	0.000927	0.00748	0.00271	0.0059700000000000005	0.00894	0.0206	0.000157	9.51e-06	3.43e-05	0.000758	0.0173	0.0137	4.6399999999999996e-05	0.00232	0.0124	0.0034200000000000003	0.00021099999999999998	0.0507	0.0034700000000000004	0.0134	0.0009609999999999999	0.0487	0.00173	0.00227	2.22e-16	0.0203	0.0154	0.0342	0.0122	0.27899999999999997	0.000288	0.000533	0.00107	0.00265	0.00757	0.00358	0.00217	0.0431	2.22e-16	0.00042300000000000004	0.00023199999999999997	0.00707	0.0302	0.0209	0.0129	0.0881	0.0119	0.00105	0.000604	2.22e-16	0.00328	0.00558	0.00119	0.0034	0.00248	0.0016600000000000002	0.00603	0.00675	0.0193	0.0174	0.007640000000000001	0.0217
SBS7d	4.04e-05	0.0007650000000000001	0.00025	0.00405	0.0145	0.00322	8.51e-05	0.000117	0.000168	2.22e-16	1.82e-05	7.4e-05	0.0114	0.0077599999999999995	2.22e-16	0.00019099999999999998	0.00118	0.00255	0.000906	0.0029100000000000003	0.00132	0.000286	0.00132	2.22e-16	0.000196	2.22e-16	0.000545	0.0008820000000000001	0.00374	0.000588	0.0008730000000000001	8.53e-05	0.0033299999999999996	0.0014	0.00121	0.0329	0.0356	0.0026	0.00264	0.000138	0.000365	0.000181	0.000157	0.0421	0.000207	0.00565	0.00175	0.05	8.89e-05	0.00108	0.0037	0.0411	0.00161	8.13e-05	0.0012	0.00115	2.37e-05	0.00011200000000000001	0.00135	0.008759999999999999	0.0167	0.00123	0.0056	0.0273	0.00436	0.0039299999999999995	0.00919	0.051	0.0102	8.89e-05	0.000935	0.0397	0.0008	0.00232	0.00257	0.318	0.0812	0.0143	0.0228	0.0431	0.0037	0.00266	0.0106	0.0143	0.00148	4.98e-05	2.58e-05	0.000156	7.48e-05	2.23e-05	0.0038	0.006840000000000001	0.00021099999999999998	0.00011499999999999999	0.000125	0.000166
SBS8	0.0441	0.0478	0.00462	0.047	0.0401	0.0388	0.0034100000000000003	0.033	0.0242	0.0262	0.00274	0.0269	0.0298	0.0251	0.0019	0.0319	0.00433	0.00295	0.000286	0.00571	0.005	0.0054600000000000004	1.05e-05	0.00549	0.0025800000000000003	0.0023899999999999998	0.000488	0.00486	0.00147	0.00134	7.82e-05	0.00024900000000000004	0.006809999999999999	0.00282	0.00323	0.0125	0.00267	0.00402	0.00149	0.0145	0.000276	0.000245	0.0019100000000000002	0.00461	0.00504	0.000252	4.1700000000000004e-05	0.00527	0.0195	0.0213	0.0228	0.025	0.019	0.0292	0.0276	0.0418	0.0128	0.0135	0.0156	0.0281	0.0115	0.0195	0.0129	0.0379	0.009770000000000001	0.0050100000000000006	0.00698	0.0149	0.0023899999999999998	0.007	0.00126	0.00646	0.0026	0.00262	0.00281	0.00629	0.0020800000000000003	0.00264	2.22e-16	0.00457	0.00164	0.000668	0.00477	0.00074	0.00122	0.00195	0.0047	0.0005740000000000001	0.00131	0.000656	0.0039700000000000004	0.0012900000000000001	2.22e-16	0.00114	0.00309	0.0009960000000000001
SBS9	0.000558	0.00409	0.000426	0.00305	0.0048	0.0019199999999999998	0.00137	0.0030600000000000002	0.00772	0.006679999999999999	0.000171	0.00856	0.017	0.00246	0.00044500000000000003	0.0273	0.00484	0.00196	0.0013599999999999999	0.006409999999999999	0.000893	0.0015400000000000001	0.000437	0.00303	0.0013599999999999999	0.00283	0.000521	0.00857	0.0026899999999999997	0.002	0.000404	0.00563	0.0081	0.00542	0.004379999999999999	0.006490000000000001	0.007240000000000001	0.008759999999999999	0.006509999999999999	0.0111	0.00698	0.006529999999999999	0.00476	0.0107	0.00427	0.00733	0.0032600000000000003	0.0054600000000000004	0.0127	0.00282	0.0027600000000000003	0.0189	0.00479	0.00313	0.0053100000000000005	0.0044399999999999995	0.00265	0.00212	0.000788	0.00256	0.026	0.00185	0.0167	0.017	0.0203	0.0105	0.0143	0.029	0.0137	0.0153	0.0154	0.0329	0.00952	0.00978	0.0063100000000000005	0.009859999999999999	0.014	0.0136	0.009309999999999999	0.0384	0.0451	0.0069299999999999995	0.00533	0.0239	0.026	0.007409999999999999	0.0142	0.0565	0.0083	0.00585	0.0039700000000000004	0.0194	0.0657	0.008620000000000001	0.0109	0.0639
SBS10a	0.0021899999999999997	0.0017699999999999999	0.00015	0.017	0.00318	0.000202	4.6399999999999996e-05	0.0173	0.00121	0.00044100000000000004	1.05e-05	0.0111	0.094	0.00997	0.00116	0.67	2.2299999999999998e-16	2.4299999999999998e-05	2.2299999999999998e-16	2.2299999999999998e-16	4.57e-05	2.2299999999999998e-16	2.01e-05	3.01e-05	1.4999999999999999e-05	8.31e-05	2.2299999999999998e-16	3.54e-05	5.550000000000001e-05	2.2299999999999998e-16	2.2299999999999998e-16	5.45e-05	0.0010400000000000001	0.000834	0.00557	0.00299	3.68e-05	2.2299999999999998e-16	2.2299999999999998e-16	0.000103	4.22e-05	0.0125	0.0149	0.0135	0.000366	0.0027600000000000003	0.00279	0.0228	5.07e-05	0.000194	2.2299999999999998e-16	0.006659999999999999	2.2299999999999998e-16	2.2299999999999998e-16	2.2299999999999998e-16	0.000376	3.31e-06	2.2299999999999998e-16	7.3e-05	0.000426	0.0020399999999999997	0.00036	0.0006929999999999999	0.0052899999999999996	0.000745	0.0036200000000000004	0.00214	0.00336	0.000122	4.1200000000000005e-05	0.00105	2.44e-06	0.0022	0.00628	2.2299999999999998e-16	0.0052899999999999996	0.00073	0.00517	0.000363	0.00325	0.0019199999999999998	0.00124	0.00032	0.00922	0.000155	2.2299999999999998e-16	5.3500000000000006e-05	0.0013	0.000204	0.000833	2.2299999999999998e-16	0.00221	0.0026899999999999997	2.2299999999999998e-16	2.1600000000000003e-05	0.0189
SBS10b	0.000182	0.006540000000000001	5.3500000000000006e-05	1.63e-05	0.000521	0.00318	8.379999999999999e-05	0.008329999999999999	0.000731	0.00255	8.52e-05	0.0028	0.000446	0.0038	0.000573	0.0816	0.000305	0.000134	2.22e-16	2.22e-16	2.99e-05	2.22e-16	2.22e-16	2.22e-16	1.7199999999999998e-05	0.000136	2.22e-16	0.000113	2.22e-16	2.22e-16	2.22e-16	4.34e-05	0.000549	0.00525	0.000414	0.00793	0.000151	8.44e-05	0.0037	0.000595	0.000363	0.0151	0.0126	0.0319	0.0027300000000000002	0.0485	0.43700000000000006	0.128	0.00182	0.000337	2.34e-05	0.00285	7.09e-05	0.000106	2.22e-16	0.000234	2.22e-16	0.000123	2.22e-16	0.00010800000000000001	0.0030600000000000002	0.000665	7.06e-05	0.0015199999999999999	0.00935	0.0005099999999999999	0.000531	0.00015	0.00132	0.000124	2.5300000000000002e-05	0.0008150000000000001	0.0147	0.00533	0.0013800000000000002	0.0115	0.00886	8.1e-05	0.000668	2.51e-05	3.47e-05	5.3299999999999995e-05	0.000523	2.22e-16	0.000227	0.00115	0.000479	0.005229999999999999	0.000481	0.000942	0.00173	0.0051600000000000005	0.0113	0.00555	0.0027600000000000003	0.0909
SBS11	0.000146	0.000552	9.41e-05	0.000266	0.000618	0.000986	9.2e-06	0.00015	0.000165	0.000405	1.39e-05	2.22e-16	0.00018	0.000938	2.22e-16	4.73e-05	0.00016999999999999999	0.00029	5.96e-05	0.000535	0.000261	0.000177	1.12e-05	9.64e-06	4.6700000000000003e-05	0.00011399999999999999	3.24e-06	0.00018600000000000002	1.56e-05	0.00022400000000000002	2.22e-16	0.000185	0.0258	0.147	0.00758	0.109	0.004070000000000001	0.126	0.0009199999999999999	0.0651	0.0197	0.115	0.0017800000000000001	0.0696	0.00978	0.158	2.94e-07	0.11900000000000001	0.000417	0.00044100000000000004	3.929999999999999e-05	3.4e-06	0.000184	0.000212	0.000305	0.000162	1.54e-06	0.000375	0.00011899999999999999	0.000164	0.00018600000000000002	0.000202	0.00020099999999999998	0.000674	0.00114	0.000938	0.00032	0.00119	0.000328	0.000713	0.000131	8.45e-05	0.0008089999999999999	0.00086	0.0005610000000000001	0.00023700000000000001	0.000113	0.00046699999999999997	0.000155	0.000106	0.000218	4.6700000000000003e-05	0.00017900000000000001	0.000285	2.22e-16	2.22e-16	2.22e-16	0.000133	9.570000000000001e-05	2.22e-16	0.00013000000000000002	0.000154	8.51e-05	6.73e-05	0.000101	5.550000000000001e-05
SBS12	0.004520000000000001	0.0011300000000000001	0.00054	0.00122	0.00542	0.00428	0.00117	0.0011	0.00198	0.000417	0.00044699999999999997	2.75e-05	0.0034799999999999996	0.00288	0.000505	0.00235	0.00122	0.000642	7.509999999999998e-05	0.00144	0.00134	0.000891	0.000173	0.00156	0.0005639999999999999	0.00028900000000000003	9.54e-05	0.000504	0.0009689999999999999	0.00155	0.00021400000000000002	0.00305	0.00551	0.00212	0.000118	0.00238	0.00659	0.000254	4.09e-05	0.0033799999999999998	0.00448	0.00182	7.46e-05	0.00267	0.005520000000000001	0.00264	8.85e-05	0.0061200000000000004	0.00517	0.00271	0.00312	0.00282	0.000546	0.0056	0.00141	0.0015	0.000826	0.0018100000000000002	0.00251	0.000915	0.00375	0.00645	0.00277	0.00525	0.0736	0.0403	0.0705	0.0638	0.0454	0.0497	0.0374	0.0459	0.0711	0.0304	0.0415	0.0463	0.0861	0.0463	0.04	0.0597	0.00201	0.000664	0.000808	0.00128	0.000893	0.00114	0.000593	0.000344	0.000412	0.000213	0.000496	0.000165	0.0016300000000000002	0.0011300000000000001	0.000875	0.00221
SBS13	0.00182	0.000721	0.000264	0.000348	0.0014	0.000968	4.33e-06	2.22e-16	0.000949	0.00045099999999999996	0.000164	6.15e-05	0.079	0.0294	0.0121	0.0355	0.00387	0.000951	0.000264	0.004	0.00561	0.000648	0.000488	0.0064	0.0015	0.000479	0.000241	0.0027	0.317	0.0635	0.0138	0.369	0.00718	2.22e-16	0.000303	0.00031800000000000003	1.93e-05	0.00135	0.00199	0.00145	0.00718	0.000921	0.000178	0.0012699999999999999	0.0069299999999999995	0.00448	0.00119	0.0014199999999999998	2.22e-16	6.52e-05	0.00059	0.000606	0.00020899999999999998	0.000342	0.000226	0.000523	6.7e-06	0.00013000000000000002	4.7e-05	0.00035800000000000003	0.000296	0.00023199999999999997	0.000188	6.2e-05	0.0019100000000000002	0.00014199999999999998	0.00042800000000000005	0.000959	4.74e-05	0.000122	2.22e-16	0.00011200000000000001	0.00028700000000000004	0.000182	0.000195	2.22e-16	2.2100000000000002e-05	2.49e-05	9.98e-05	0.000531	6.14e-05	2.22e-16	8.25e-05	0.00032	4.14e-05	2.82e-06	2.22e-16	5.550000000000001e-05	8.77e-05	2.22e-16	0.000426	2.89e-06	0.000184	2.22e-16	3.6700000000000004e-05	1.89e-05
SBS14	0.00112	0.0131	0.000413	0.0826	0.0163	0.0197	0.0013800000000000002	0.26	0.0020800000000000003	0.0224	0.0011099999999999999	0.126	0.00034700000000000003	0.0243	7.08e-06	0.151	2.22e-16	5.78e-06	3.91e-05	0.000204	8.55e-05	7.859999999999999e-05	1.91e-05	0.000178	2.22e-16	4.33e-05	2.22e-16	8.03e-05	1.9699999999999998e-05	0.00015	1.83e-05	0.000321	0.0124	0.0101	0.0265	0.0161	0.0027300000000000002	0.0013800000000000002	0.0116	0.0013599999999999999	0.0171	0.008159999999999999	1.92e-05	0.0105	0.0035399999999999997	0.00013700000000000002	0.00532	0.000359	0.0006129999999999999	0.00037200000000000004	0.000354	0.00185	0.000155	0.00295	0.000317	0.0013800000000000002	5.7700000000000007e-05	0.0027300000000000002	0.00011999999999999999	0.000857	0.0002	0.00173	0.000357	0.00182	0.0126	0.0063	0.0124	0.0059700000000000005	0.00316	0.00534	0.00447	0.00206	0.011	0.006540000000000001	0.011	0.0112	0.00627	0.00288	0.0043100000000000005	0.00292	0.000212	0.00297	0.000709	0.0111	4.85e-05	0.00121	0.00043499999999999995	0.000962	7.79e-05	0.0021	0.000781	0.00225	9.92e-05	0.0012	0.00011399999999999999	0.000605
SBS15	0.000944	0.0004969999999999999	4.61e-05	0.0011099999999999999	0.0418	0.00505	6.620000000000001e-05	0.0287	0.00229	0.00249	0.000404	0.0182	0.0172	0.00581	7.69e-05	0.00805	0.000113	0.000269	3.07e-05	0.000325	8.36e-05	1.7e-05	5.02e-05	8.45e-05	0.0009939999999999999	0.000608	1.01e-05	0.00045099999999999996	0.00021400000000000002	6.12e-05	5.8399999999999997e-05	0.000174	0.00505	0.0069099999999999995	0.0745	0.0017800000000000001	0.0108	0.0111	0.0248	0.0156	0.0737	0.129	0.27699999999999997	0.0772	0.0265	0.009559999999999999	0.0212	0.0017399999999999998	0.0020399999999999997	0.0008410000000000001	0.00054	0.00954	0.000348	0.000244	8.2e-05	0.00105	0.0005110000000000001	0.000589	0.00018700000000000002	0.00084	0.00109	0.000157	0.000149	0.000475	0.00389	0.00196	0.00023999999999999998	0.0009289999999999999	0.00075	0.00215	0.00139	0.00175	0.0129	0.0116	0.00595	0.00586	0.0034200000000000003	0.00592	0.00132	0.00135	0.000468	0.00041500000000000006	0.000185	0.0036299999999999995	0.000206	0.000157	0.000272	0.00249	0.00020299999999999997	0.00058	0.00034700000000000003	0.00139	0.000231	0.000294	0.000148	0.00599
SBS16	0.016	0.0029	0.0010199999999999999	0.0106	0.0104	0.00903	0.0017399999999999998	0.00249	0.00861	0.00425	0.0013599999999999999	0.0058	0.0108	0.00587	0.00149	0.00925	0.0017399999999999998	0.00201	0.0008470000000000001	0.0115	0.00355	0.00454	0.00146	0.00962	0.00105	0.00309	8.13e-05	0.00323	0.00251	0.005229999999999999	0.000439	0.0285	0.00176	0.00373	0.0032700000000000003	0.006	0.00717	0.0028399999999999996	0.000691	0.0193	0.0065	0.0052899999999999996	0.00117	0.00672	0.00636	0.0036799999999999997	0.00302	0.0221	0.0231	0.00774	0.00881	0.011	0.00321	0.0057	0.00103	0.006529999999999999	0.0009400000000000001	0.000608	0.00555	0.0009660000000000001	0.0123	0.0046700000000000005	0.00518	0.00716	0.242	0.0129	0.0639	0.136	0.0107	0.00317	0.009609999999999999	0.0155	0.00206	0.00119	0.00428	0.0024	0.013	0.00367	0.0072299999999999994	0.00839	0.0112	0.00441	0.00462	0.00796	0.00396	0.00108	0.00224	0.0025399999999999997	0.0009019999999999999	0.000901	0.000675	0.0023899999999999998	0.00978	0.00551	0.00524	0.0158
SBS17a	0.00207	0.000918	4.7600000000000005e-05	6.18e-05	0.000295	0.00116	2.22e-16	0.00013700000000000002	0.0017800000000000001	0.00128	0.000106	4.7e-05	0.00018999999999999998	2.59e-05	2.22e-16	0.000288	0.00101	0.0005690000000000001	0.000152	1.9600000000000002e-05	0.000553	0.00023500000000000002	0.00023199999999999997	3.9e-05	0.000878	0.0008349999999999999	2.37e-05	0.000787	0.00375	0.000723	0.00037999999999999997	0.000283	0.00122	0.0017100000000000001	3.9500000000000005e-05	0.000737	0.0008210000000000001	0.00172	0.0019	0.0017399999999999998	0.00164	2.22e-16	0.00161	6.6e-05	0.000532	9.059999999999999e-05	0.000177	0.000348	0.00101	0.000997	0.0002	0.00146	0.000434	0.0405	0.0124	0.0723	6.459999999999998e-05	0.0034	0.000695	0.0048	0.00011899999999999999	0.0057	0.00183	0.00198	9.65e-05	0.0127	0.000376	0.007790000000000001	0.0111	0.17300000000000001	0.0873	0.426	0.000123	0.0149	0.0035700000000000003	0.00524	0.00209	0.0153	0.00235	0.021	0.000851	0.0007	0.000719	0.0125	0.00031	0.0010400000000000001	1.94e-06	0.0053100000000000005	0.000495	0.000204	0.0008349999999999999	0.007240000000000001	2.22e-16	0.00011599999999999999	0.0009199999999999999	0.00458
SBS17b	0.000608	0.000129	5.8200000000000005e-05	0.00045599999999999997	0.000271	4.11e-05	2.2299999999999998e-16	0.000182	0.000998	2.78e-06	9.240000000000001e-05	0.000534	1.24e-05	2.2299999999999998e-16	9.51e-05	0.00257	0.000146	4.34e-05	2.2299999999999998e-16	0.000319	0.000194	4.66e-05	2.2299999999999998e-16	0.000193	5.99e-05	5.550000000000001e-05	2.2299999999999998e-16	2.2299999999999998e-16	0.00016	6.18e-05	1.55e-05	0.0015	0.000571	7.03e-05	0.00028700000000000004	0.000147	0.00045700000000000005	5.8899999999999995e-05	0.000543	0.000136	6.11e-05	0.000157	0.0008550000000000001	2.2299999999999998e-16	0.00010800000000000001	0.000604	6.24e-05	0.000895	6.26e-05	0.00028900000000000003	6.57e-05	0.000633	9.36e-05	0.00224	0.000717	0.007790000000000001	9.73e-05	0.00034700000000000003	0.000241	0.00158	0.00119	0.000242	2.2299999999999998e-16	0.00131	9.73e-05	0.000252	2.2299999999999998e-16	0.000544	0.000647	0.00646	0.00392	0.0183	5.9499999999999996e-05	0.0015	0.00101	0.00147	0.00106	0.0011	0.00121	0.001	0.00141	0.00448	0.00099	0.0691	0.00205	0.0314	0.0137	0.55	0.000281	0.00625	0.00148	0.114	1.22e-05	0.00875	0.0047799999999999995	0.122
SBS18	0.0515	0.0158	0.00243	0.0214	0.074	0.0196	0.012	0.0363	0.109	0.0173	0.007559999999999999	0.0623	0.0738	0.0436	0.0127	0.122	0.00173	0.00259	0.0019199999999999998	0.004079999999999999	0.0006129999999999999	0.0022600000000000003	0.00358	0.00379	0.0006349999999999999	0.00134	0.0006389999999999999	0.00123	0.00214	0.00464	0.0008990000000000001	0.00318	0.0092	0.00465	0.0122	0.00797	0.0117	0.0067599999999999995	0.0168	0.00665	0.00968	0.00817	0.0148	0.006690000000000001	0.0114	0.0114	0.0118	0.00375	0.00249	0.000878	0.0026	0.00784	0.000542	0.0030600000000000002	0.00321	0.0022600000000000003	0.0016	0.00195	0.00183	0.00346	0.0108	0.0027300000000000002	0.00179	0.0071	0.00202	0.00209	0.0020800000000000003	0.00424	0.000386	0.00246	0.00162	0.00256	0.000708	0.0022600000000000003	0.00398	0.00315	0.0018	0.00618	0.0032600000000000003	0.00337	0.000721	0.000858	0.00199	0.0018399999999999998	0.00011100000000000001	0.00199	0.00293	0.00414	0.0008699999999999999	3.7e-05	0.00583	0.00214	0.000696	0.0021	0.00145	0.0051600000000000005
SBS19	0.0012699999999999999	0.000641	0.000246	0.000571	0.00132	0.000767	0.000236	3.4399999999999996e-05	0.000814	0.000272	0.000205	0.000273	0.0013800000000000002	0.0011300000000000001	0.000285	0.0013800000000000002	0.0031899999999999997	0.00179	0.000616	0.00214	0.0017699999999999999	0.0018100000000000002	4.8100000000000004e-05	0.00322	0.00131	0.0012900000000000001	0.000597	0.00032	0.00175	0.00312	0.00044100000000000004	0.00161	0.028	0.0141	0.00155	0.0368	0.11900000000000001	0.092	0.0157	0.258	0.061	0.0397	0.00321	0.109	0.0439	0.025	0.00432	0.0629	0.000786	0.00025499999999999996	0.0009519999999999999	0.000654	9.6e-05	0.00040300000000000004	0.000294	0.000218	0.00018899999999999999	7.780000000000001e-05	0.00048600000000000005	0.000283	0.0004940000000000001	0.000475	0.000373	0.0006730000000000001	0.00259	0.000594	0.00231	0.0017399999999999998	0.000452	8.14e-05	0.0004980000000000001	0.000391	0.0009539999999999999	0.000371	0.000953	0.00236	0.00124	0.000553	0.00108	0.00147	0.00233	0.0018899999999999998	0.0017699999999999999	0.00162	0.000714	0.00209	0.00133	0.0022	0.0006360000000000001	0.0007030000000000001	0.0005099999999999999	0.000341	0.0016600000000000002	0.00202	0.00207	0.004229999999999999
SBS20	0.0006190000000000001	0.00139	2.18e-05	0.00124	0.0376	0.0989	0.00743	0.252	0.0108	0.00565	0.00157	0.00249	0.0017100000000000001	0.00337	2.22e-16	0.000904	0.00877	0.00151	0.000469	0.00442	7.69e-05	4.38e-06	0.000188	1.01e-05	0.000669	0.00286	0.000692	0.00302	0.000129	2.8199999999999998e-05	0.000124	0.00112	0.0493	0.013	0.0133	0.013	0.0106	0.013	0.0165	0.0117	0.0422	0.0532	0.0205	0.0331	0.00807	0.00919	0.00264	5e-05	0.0005110000000000001	0.00519	0.000303	0.0256	0.000144	0.00648	0.000123	0.000102	5.56e-05	0.00256	0.00213	0.0043	0.012	0.00031800000000000003	0.000176	0.00671	0.0107	0.00455	0.0186	0.000103	0.0117	0.00483	0.0261	0.0069	0.0027600000000000003	0.0022600000000000003	0.00406	0.0009279999999999999	0.0138	0.0166	0.012	0.0193	1.05e-05	2.13e-05	2.6899999999999997e-05	5.8200000000000005e-05	0.0009630000000000001	0.0016	0.00271	0.00511	2.22e-16	6.65e-05	8.7e-05	0.0035600000000000002	2.22e-16	2.22e-16	0.00279	0.00151
SBS21	0.000157	0.00236	0.000294	0.000621	2.22e-16	0.0026	0.00198	0.0191	0.00214	0.00707	0.0016899999999999999	0.0089	0.00146	0.000236	6.829999999999999e-05	2.22e-16	1.6899999999999997e-05	0.000719	2.22e-16	6.19e-05	1.9699999999999998e-05	0.000273	1.01e-05	0.000173	0.000388	0.0014199999999999998	0.000117	0.000207	0.000654	0.0006309999999999999	6.27e-05	0.000687	0.00217	0.00392	0.0074	4.1700000000000004e-05	0.00135	0.0051600000000000005	0.006220000000000001	0.000325	0.00932	0.0196	4.34e-05	0.00805	0.0036	8.070000000000001e-05	0.000317	7.31e-05	0.00346	0.00565	0.000248	0.0016	6.19e-06	0.000688	0.000125	2.22e-16	0.00117	0.0032600000000000003	0.000742	0.0009369999999999999	0.00025699999999999996	0.000795	9.85e-05	7.64e-05	0.0167	0.01	0.0038799999999999998	0.0256	0.0115	0.00282	0.0144	0.0217	0.223	0.0663	0.11699999999999999	0.133	0.0842	0.0548	0.0276	0.0407	0.000392	0.000437	0.00018700000000000002	6.95e-05	4.35e-06	5.44e-05	2.01e-05	0.000185	0.000286	0.000533	0.000213	0.00259	0.000465	0.000379	0.000131	2.22e-16
SBS22	0.00601	9.54e-05	0.0007650000000000001	0.00172	0.00183	0.00443	0.000136	0.00011	0.00223	0.00173	0.000515	0.000551	0.000784	0.0017399999999999998	2.22e-16	0.000396	0.0016600000000000002	0.000195	0.000231	6.2e-05	0.00105	0.000785	0.000239	0.00032	0.0014	0.00093	0.00021099999999999998	0.000455	0.0035600000000000002	0.0015199999999999999	0.000381	0.000388	0.00176	0.00022	0.0013599999999999999	0.000616	0.00121	0.0031899999999999997	0.000426	0.0016	0.00238	0.00187	2.22e-16	0.00176	0.00159	0.00132	3.77e-05	2.22e-16	0.0639	0.00701	0.0606	0.00251	0.128	0.0551	0.168	0.0603	0.0537	0.0102	0.0375	0.00932	0.0718	0.0236	0.0732	0.0301	0.025	0.0008990000000000001	0.00775	0.000755	0.00674	0.00134	0.00203	0.000536	0.000721	0.00124	0.0005809999999999999	0.000834	0.00463	2.22e-16	0.00122	2.22e-16	0.00233	5.0900000000000004e-05	0.00295	4.18e-05	0.00491	0.00088	0.008029999999999999	0.00119	0.00159	0.000236	0.00045	1.9600000000000002e-05	0.00506	0.000752	0.00557	0.000595
SBS23	0.0008349999999999999	0.000399	9.85e-08	5.6099999999999994e-18	0.000151	0.00063	0.00013000000000000002	0.00058	0.000337	0.000541	0.00011899999999999999	3.09e-05	0.00213	0.000664	9.120000000000001e-05	0.00023999999999999998	5.74e-18	4.0799999999999996e-05	2.86e-18	5.6099999999999994e-18	0.000174	0.00025499999999999996	1.8599999999999997e-18	0.000227	4.32e-18	0.000127	1.83e-18	4.04e-18	0.00021099999999999998	0.000266	2.5600000000000002e-18	0.000466	0.0226	0.0809	0.00872	0.035	0.0622	0.18899999999999997	0.0142	0.156	0.0537	0.154	0.0123	0.107	0.0153	0.0436	0.0028699999999999997	0.0263	8.28e-18	5.56e-18	0.000354	0.000161	0.000462	4.469999999999999e-18	0.000132	0.000375	6.2600000000000006e-18	0.00014	4.68e-18	5.78e-18	7.770000000000001e-18	5.27e-18	0.000185	7.32e-18	0.000886	0.000178	0.00047000000000000004	0.000261	6.86e-18	4.469999999999999e-18	0.000389	4.71e-05	0.000218	0.00041799999999999997	4.68e-18	0.000799	7.770000000000001e-18	0.00018999999999999998	0.000302	7.32e-18	8.28e-18	5.43e-18	5.6800000000000006e-18	7.43e-18	6.8500000000000005e-18	0.000148	6.52e-05	0.00024700000000000004	6.2600000000000006e-18	8.690000000000001e-05	0.000157	5.78e-18	0.00018600000000000002	5.27e-18	0.000182	7.32e-18
SBS24	0.0364	0.0265	0.0148	0.022	0.0254	0.0349	0.016	0.0171	0.0622	0.128	0.0659	0.0544	0.0298	0.0519	0.00979	0.0228	0.0033399999999999997	0.00367	0.0009199999999999999	0.00285	0.0026100000000000003	0.005220000000000001	0.0009449999999999999	0.00471	0.0027199999999999998	0.00579	0.00314	0.0033799999999999998	0.00375	0.00558	0.00135	0.004070000000000001	0.0118	0.0112	0.0005139999999999999	0.00915	0.005379999999999999	0.00885	0.00635	0.0042899999999999995	0.0299	0.0437	0.0254	0.0203	0.0024	0.0122	0.0026899999999999997	0.00471	0.00158	0.00225	0.002	0.0018	0.00132	0.00187	0.00503	0.0048	0.00157	0.00235	0.00249	0.00131	0.00412	0.0032700000000000003	0.00199	0.0021899999999999997	0.0064	0.00218	0.00176	0.00244	0.00227	0.00224	0.004220000000000001	0.0036299999999999995	0.0037	0.00365	0.00267	0.00399	0.00146	0.003	0.00203	0.00367	0.00321	0.0014	0.00206	0.00471	0.00143	0.00088	0.0030399999999999997	0.00471	0.00107	0.0015300000000000001	0.00313	0.00268	0.000123	0.00264	0.0030399999999999997	0.00396
SBS25	0.0099	0.007	0.00145	0.0049700000000000005	0.0148	0.00782	0.00128	0.0126	0.0135	0.00647	0.0006580000000000001	0.0105	0.006940000000000001	0.0102	0.0	0.0246	0.008029999999999999	0.00164	0.0	0.00343	0.0072	0.0046	0.000824	0.000196	0.00417	0.0023899999999999998	0.00041799999999999997	0.00199	0.0098	0.0032700000000000003	0.00206	0.0164	0.021	0.0131	0.0197	0.00573	0.0143	0.00594	0.0116	0.0136	0.01	0.00695	0.0105	0.00982	0.0111	0.00645	0.0141	0.0124	0.0204	0.00889	0.00624	0.0149	0.0263	0.0158	0.0629	0.0366	0.0362	0.00585	0.0382	0.0202	0.0218	0.0034100000000000003	0.0102	0.0145	0.0207	0.0095	0.0199	0.0145	0.00903	0.0108	0.0134	0.00896	0.0175	0.00405	0.0134	0.0142	0.0145	0.007409999999999999	0.00489	0.017	0.00528	0.0	0.0071400000000000005	0.0	0.0	0.0028899999999999998	0.0118	0.00855	0.00555	0.0	0.00869	0.00277	0.0020800000000000003	0.000579	0.00943	0.00787
SBS26	0.0008730000000000001	0.000528	0.00011399999999999999	0.0006190000000000001	0.00141	0.00151	0.000362	0.0071400000000000005	0.000496	0.000666	0.000129	0.000817	0.000938	0.00063	0.000123	0.0014	0.00042699999999999997	0.00037799999999999997	6.829999999999999e-05	0.000728	0.000364	0.000322	4.1700000000000004e-05	0.000625	0.000395	0.000579	7.38e-05	0.000305	0.00131	0.000745	9.41e-05	0.00221	0.00266	0.0025399999999999997	0.00533	0.00279	0.0016899999999999999	0.00283	0.0033399999999999997	0.00165	0.00275	0.00545	0.006679999999999999	0.00498	0.00329	0.00253	0.00263	0.00213	0.0015199999999999999	0.00352	0.000625	0.00307	0.000944	0.00145	0.00114	0.000642	0.0007830000000000001	0.00115	0.000608	0.000834	0.0011300000000000001	0.00126	0.000278	0.00131	0.0848	0.0261	0.0785	0.0372	0.052	0.0312	0.0787	0.0555	0.0835	0.0248	0.0712	0.0552	0.0423	0.0314	0.0303	0.0574	0.00292	0.00253	0.00229	0.0059299999999999995	0.0014199999999999998	0.00494	0.00556	0.0078	0.00137	0.00121	0.00235	0.00605	0.00143	0.00172	0.0028399999999999996	0.00945
SBS27	0.00521	0.00474	0.0007830000000000001	0.0027199999999999998	0.00507	0.00223	0.000266	0.0031	0.0108	0.0124	0.0016300000000000002	0.007409999999999999	0.0070799999999999995	0.00627	0.00145	0.00981	0.00132	0.0017699999999999999	0.0	0.00132	0.00473	0.00126	0.000361	0.000268	0.0014199999999999998	0.00135	0.0	0.00456	0.0028699999999999997	0.0031100000000000004	1.28e-05	0.00213	0.0137	0.00542	0.00671	0.00448	0.0174	0.0071400000000000005	0.0075	0.00715	0.0142	0.0201	0.00937	0.00759	0.0188	0.00799	0.00461	0.0119	0.14300000000000002	0.00146	0.00123	0.0025399999999999997	0.331	0.00281	0.0044	0.00543	0.11	2.35e-05	0.00157	0.0	0.0528	4.71e-05	0.0	0.00193	0.00505	0.00185	0.00569	0.00259	0.0049	0.00572	0.00566	0.0039	0.0047799999999999995	0.00196	0.00123	0.00375	0.00172	0.00349	0.00115	0.0015300000000000001	0.00114	0.000959	6.77e-05	0.000256	0.0	0.000381	0.00040300000000000004	0.00144	0.0	5.08e-05	0.00474	0.0023	0.00119	0.00028	0.00235	0.00014
SBS28	0.000784	0.00253	0.00035299999999999996	0.0039700000000000004	0.00203	0.000109	2.22e-16	0.00020299999999999997	0.000156	0.0010199999999999999	3.9500000000000005e-05	0.00015800000000000002	0.0143	0.000452	0.000129	0.000557	0.000154	0.00022400000000000002	2.22e-16	8.329999999999999e-05	1.4400000000000001e-05	7.55e-05	2.22e-16	2.22e-16	0.000183	2.22e-16	2.22e-16	2.22e-16	0.00011499999999999999	0.000136	2.46e-05	0.000143	0.0007769999999999999	0.0033799999999999998	0.00705	0.00506	0.000292	0.00021	0.00255	0.0033200000000000005	0.00325	0.000188	0.000215	0.000102	0.00484	0.00413	0.0017399999999999998	0.00199	0.000172	0.000478	0.000152	0.0017	0.00014	0.00135	0.0008060000000000001	0.00103	0.00011599999999999999	0.000118	7.170000000000001e-05	0.000324	0.000188	0.00125	0.000321	0.00572	0.000549	0.00044100000000000004	0.000405	0.000595	0.00132	0.00262	0.00249	0.000367	0.000491	0.000587	0.000731	0.000851	0.00131	0.00205	0.00141	0.00206	0.00987	0.0173	0.007679999999999999	0.115	0.0146	0.0221	0.0155	0.10099999999999999	0.00116	0.00193	0.00313	0.0206	0.0423	0.0357	0.014	0.479
SBS29	0.0632	0.0512	0.0192	0.0356	0.0542	0.0369	0.0148	0.0519	0.0971	0.0903	0.023	0.0846	0.0452	0.0411	0.0174	0.0411	0.00314	0.00263	0.0008960000000000001	0.00249	0.00329	0.00634	0.0013	0.006690000000000001	0.00227	0.00164	6.88e-06	0.00321	0.00010700000000000001	0.00683	0.000897	0.000336	0.00509	0.0043100000000000005	0.0201	0.00183	0.00761	0.00164	0.0153	0.0006730000000000001	0.0104	0.00796	0.0183	0.00512	0.00639	3.61e-18	0.0144	0.00428	0.0006190000000000001	0.002	0.00248	0.00196	0.00195	0.00141	0.00198	0.00198	0.00343	0.000789	0.00366	0.00107	0.0007639999999999999	0.00193	0.000924	0.0012	0.00196	0.00229	0.00275	0.00115	0.00118	0.0018399999999999998	0.00391	0.0017800000000000001	0.00108	0.00359	0.00299	0.00155	0.00259	0.0015	0.000379	0.000822	0.000407	0.000817	0.00042	0.00081	0.000781	5.69e-06	0.000332	0.000767	4.49e-05	9.17e-05	0.0007700000000000001	0.00115	0.00046699999999999997	9.93e-05	0.00018	0.0009279999999999999
SBS30	0.0018	0.0005059999999999999	9.13e-05	0.000556	0.000768	0.000388	0.000407	0.000297	0.0009429999999999999	0.0004940000000000001	2.22e-16	0.0008619999999999999	0.000696	0.00024300000000000002	8.26e-05	0.000665	0.00107	0.00046699999999999997	0.000131	0.000731	0.0012699999999999999	0.000793	0.00011999999999999999	0.0010199999999999999	0.000515	0.000256	0.000117	0.000399	0.000127	0.000986	0.000106	0.000109	0.106	0.0904	0.0144	0.0293	0.11	0.10300000000000001	0.0168	0.0462	0.0497	0.061	0.00524	0.0177	0.098	0.134	0.0147	0.0525	0.000363	0.000393	0.000638	0.00049	0.00021400000000000002	0.0007769999999999999	0.000587	0.000612	0.00032900000000000003	0.000182	9.86e-05	0.00019099999999999998	0.00028199999999999997	0.000241	0.00018999999999999998	0.000701	0.000611	0.000458	0.000277	0.000545	0.0012699999999999999	0.0013800000000000002	0.0012699999999999999	0.0041	0.000935	0.0005549999999999999	0.0005009999999999999	0.00044500000000000003	0.000544	0.000286	0.00020299999999999997	0.00044500000000000003	3.9e-05	0.00011	0.00041	0.000794	0.000198	0.000215	7.85e-05	0.000265	0.000188	0.00035299999999999996	0.0013800000000000002	0.00016	0.000118	9.640000000000001e-05	0.000813	0.00889
SBS31	0.00954	0.0185	0.0016600000000000002	0.00628	0.0107	0.0116	0.00032900000000000003	0.0279	0.0131	0.0215	0.0009720000000000001	0.00351	0.00186	0.00938	0.0009550000000000001	0.00449	0.008320000000000001	0.00316	0.003	0.0037799999999999995	0.00205	0.00186	0.0008539999999999999	0.0034200000000000003	0.00183	0.007509999999999999	0.00045700000000000005	0.00336	0.000396	0.00292	0.00041600000000000003	0.00424	0.0177	0.00928	0.00759	0.0101	0.0412	0.16399999999999998	0.0082	0.145	0.0068	0.0114	0.00197	0.0057	0.00748	0.0246	0.008409999999999999	0.0195	0.007859999999999999	0.00607	0.00503	0.0041600000000000005	0.0206	0.0211	0.0187	0.031	0.0019	0.0029100000000000003	0.00577	0.000789	0.0067	0.00375	0.0032700000000000003	0.008879999999999999	0.0204	0.0074	0.00812	0.00847	0.00815	0.009909999999999999	0.00446	0.0138	0.004529999999999999	0.00657	0.00513	0.00469	0.0045899999999999995	0.0103	0.0040100000000000005	0.0121	0.0036799999999999997	0.00248	0.00402	0.0007830000000000001	0.00197	0.00143	0.0015	0.000949	0.000304	0.000872	0.00255	0.00281	0.00225	0.00238	0.00535	0.0073
SBS32	0.0223	0.0188	0.00446	0.0146	0.00124	0.00492	1.66e-05	0.00267	0.00451	0.0036200000000000004	0.000877	0.0032700000000000003	0.009729999999999999	0.009290000000000001	0.00238	0.009640000000000001	0.00199	0.00203	0.0011300000000000001	0.00175	0.00115	0.000824	0.000537	0.000495	0.0008759999999999999	0.0009	6.86e-05	0.00022799999999999999	4.71e-18	0.0011	0.000997	0.000692	0.0864	0.12300000000000001	0.0366	0.152	0.0169	0.0284	0.0112	0.0428	0.0226	0.0379	0.0104	0.0532	0.0248	0.0387	0.00985	0.067	0.000713	0.0008869999999999999	0.000712	0.0008439999999999999	0.000325	0.00065	0.00141	0.000663	0.008790000000000001	0.00822	0.0131	0.0061600000000000005	0.000512	0.00245	0.00176	0.000711	0.000936	0.000701	0.00109	0.00061	0.000593	0.000927	0.0018399999999999998	0.00109	0.00914	0.007670000000000001	0.00962	0.0129	0.000897	0.00122	0.0016899999999999999	0.000684	0.000386	0.000429	0.0012699999999999999	6.45e-18	5.8099999999999996e-05	0.00045	0.00109	0.000676	0.00115	0.00074	0.00301	0.000785	2.26e-05	0.00022400000000000002	0.0008179999999999999	0.0006349999999999999
SBS33	0.0031100000000000004	0.00223	0.000414	0.0019	0.0027	0.0019100000000000002	0.000371	0.00253	0.00441	0.000968	0.000342	0.0031899999999999997	0.0119	0.00511	0.00137	0.0128	0.00141	0.0013	0.00025299999999999997	0.0013	0.0015	0.00041	0.00031800000000000003	0.000662	0.000771	0.000776	4.66e-05	0.0009310000000000001	0.013	0.00251	8.04e-05	0.0201	0.0053100000000000005	0.00213	0.00716	0.00307	0.0045899999999999995	0.0015300000000000001	0.00588	0.0027	0.00535	0.00514	0.00584	0.0039299999999999995	0.0147	0.00317	0.00385	0.009040000000000001	0.000868	0.00114	0.000696	0.00507	0.000746	0.000992	0.000479	0.00112	0.00081	0.000362	0.0008269999999999999	0.00176	0.0041	0.000217	0.00066	0.0027199999999999998	0.0125	0.00375	0.0734	0.00921	0.0151	0.0301	0.04	0.00307	0.0122	0.007940000000000001	0.207	0.00971	0.011	0.0125	0.32	0.00912	0.0009789999999999998	0.000302	0.000475	0.000758	0.000728	0.000949	0.00107	0.000192	0.0005809999999999999	0.000637	0.00542	0.00045099999999999996	0.000468	0.000164	0.000959	0.00225
SBS34	0.00487	0.006959999999999999	5.2000000000000004e-05	0.00123	0.00195	3.6700000000000004e-05	0.000298	0.00062	0.00281	0.000468	0.000227	1.3500000000000001e-05	0.00427	0.00122	2.22e-16	3.2e-05	0.000762	0.0011300000000000001	2.22e-16	0.00203	0.00011899999999999999	0.000118	0.00018999999999999998	7.36e-05	3.34e-05	0.000193	2.22e-16	2.6899999999999997e-05	6.18e-07	0.00014	2.22e-16	0.00215	0.00352	0.00371	0.000118	0.00387	0.00475	0.0005139999999999999	0.00945	3.53e-05	0.000233	2.22e-16	0.0167	0.000517	0.00186	0.00028900000000000003	0.0003	0.000808	0.10300000000000001	0.0444	0.0346	0.316	0.0237	0.00040899999999999997	0.00117	0.000268	0.019	0.00242	0.006529999999999999	0.00748	0.272	2.22e-16	0.00777	0.046	0.00462	0.00123	1.95e-05	0.00234	0.000594	4.04e-05	0.000811	0.00159	0.000109	0.000646	0.00044	2.22e-16	0.0014	0.00624	0.0011	0.0070799999999999995	0.00282	0.000462	0.000197	0.00115	0.00106	2.22e-16	0.000436	6.55e-07	0.000365	2.22e-16	5.65e-05	0.000417	2.22e-16	2.22e-16	0.0015199999999999999	0.00023199999999999997
SBS35	0.00883	0.0462	0.00139	0.0216	0.0299	0.033	0.0022	0.0825	0.00987	0.0502	0.0005070000000000001	0.0229	0.00527	0.0231	9.470000000000001e-05	0.0153	0.00358	0.00455	0.000346	0.00948	0.00386	0.0063	0.0008699999999999999	0.0162	0.0033799999999999998	0.0214	0.000591	0.008740000000000001	0.00663	0.00563	0.000155	0.0212	0.00221	0.00399	0.00058	0.0009	0.0051	0.0832	0.00267	0.047	0.0072900000000000005	0.0178	0.00253	0.00603	0.00296	0.0126	0.0007650000000000001	0.00804	0.00489	0.007359999999999999	0.00133	0.007370000000000001	0.0526	0.033	0.0582	0.0664	0.000717	0.00556	0.00112	0.00286	0.0043	0.0053	0.0013800000000000002	0.00541	0.0020399999999999997	0.0008210000000000001	0.0009199999999999999	0.00203	0.00133	0.00202	0.00156	0.00318	0.0005650000000000001	0.00203	0.00019099999999999998	0.000421	0.000368	0.000822	0.00043799999999999997	0.00106	0.00305	0.0009660000000000001	0.00448	0.00263	0.00371	0.000518	0.00636	0.00271	0.00176	0.00507	0.00404	0.00335	0.0042899999999999995	0.0019399999999999999	0.0048200000000000005	0.0036200000000000004
SBS36	0.0252	0.008320000000000001	0.00224	0.0179	0.0558	0.0202	0.0071	0.0605	0.0677	0.0192	0.00483	0.069	0.141	0.0772	0.0147	0.20800000000000002	0.0018399999999999998	0.0016699999999999998	0.0005	0.0019100000000000002	0.00124	0.00137	0.00041900000000000005	0.00209	0.000886	0.00108	0.000172	0.00105	0.00398	0.0024100000000000002	0.000302	0.00759	0.00596	0.00328	0.00707	0.0043100000000000005	0.00675	0.006679999999999999	0.00533	0.00575	0.00372	0.0034	0.0057	0.0036299999999999995	0.0107	0.00686	0.00389	0.008329999999999999	0.00244	0.00143	0.00253	0.00307	0.00126	0.00146	0.00214	0.00196	0.00088	0.0006309999999999999	0.00117	0.00112	0.00246	0.0010199999999999999	0.000872	0.0027	0.00525	0.0016899999999999999	0.0038399999999999997	0.00512	0.0015	0.0018800000000000002	0.00185	0.00216	0.00234	0.0014	0.0018399999999999998	0.00265	0.00297	0.00228	0.0013800000000000002	0.0028	0.00109	0.0006230000000000001	0.000936	0.000984	0.000478	0.000566	0.0008869999999999999	0.00107	0.000185	0.00031299999999999996	0.0015300000000000001	0.000489	0.000788	0.0007440000000000001	0.0009019999999999999	0.0018100000000000002
SBS37	0.00395	0.00145	0.00106	0.00185	0.00322	0.000814	0.0007469999999999999	0.0017699999999999999	0.0020399999999999997	0.000629	0.0005059999999999999	0.0012900000000000001	0.002	0.00159	0.00112	0.00244	0.0343	0.0112	0.00535	0.0188	0.000442	0.00031299999999999996	0.000321	0.0005809999999999999	0.00132	0.000938	0.0005769999999999999	0.0012699999999999999	0.00179	0.0011099999999999999	0.00086	0.00255	0.00624	0.0030600000000000002	0.00633	0.00565	0.00361	0.0021	0.0032700000000000003	0.00606	0.00255	0.00231	0.00432	0.00232	0.00402	0.0025	0.00343	0.00584	0.00225	0.0016600000000000002	0.00249	0.00277	0.00157	0.00116	0.0016	0.00206	0.00115	0.0007740000000000001	0.00108	0.00168	0.00245	0.0011300000000000001	0.00128	0.00195	0.0733	0.0384	0.0168	0.048	0.05	0.0218	0.00995	0.0504	0.0307	0.0182	0.00983	0.04	0.0477	0.0451	0.01	0.0614	0.0217	0.0106	0.0168	0.0247	0.0026	0.00238	0.0037700000000000003	0.00411	0.0118	0.00686	0.00983	0.0171	0.0183	0.0195	0.0302	0.0291
SBS38	0.0128	0.0101	0.0019	0.00885	0.381	0.0695	0.051	0.184	0.012	0.00628	0.00137	0.00909	0.0177	0.0115	0.00238	0.0278	0.0026899999999999997	0.00158	0.0006360000000000001	0.00244	0.0016899999999999999	0.00126	0.0009570000000000001	0.0012699999999999999	0.0012	0.00108	0.0010199999999999999	0.000917	0.00266	0.00218	0.0011	0.00395	0.00345	0.00215	0.00518	0.00244	0.00424	0.00473	0.0035	0.0041	0.00237	0.00296	0.00448	0.0032	0.00645	0.0072299999999999994	0.0034700000000000004	0.00658	0.00199	0.0019399999999999999	0.00108	0.0027199999999999998	0.000897	0.00202	0.0017800000000000001	0.00236	0.000893	0.00112	0.00121	0.0018399999999999998	0.00244	0.0009279999999999999	0.0008039999999999999	0.0025	0.00279	0.00164	0.00217	0.00349	0.00195	0.00232	0.0025399999999999997	0.00427	0.0017	0.00216	0.00187	0.00305	0.0021100000000000003	0.0021899999999999997	0.0019199999999999998	0.0030600000000000002	0.00115	0.00107	0.00207	0.00286	0.000983	0.00141	0.00159	0.00688	0.000504	0.0009390000000000001	0.00216	0.0033399999999999997	0.00117	0.0009029999999999999	0.0019	0.0052899999999999996
SBS39	0.0117	0.00715	0.00267	0.0074	0.0101	0.009059999999999999	0.0057399999999999994	0.00603	0.00688	0.00695	0.004529999999999999	0.00589	0.00598	0.007859999999999999	0.00301	0.00655	0.0473	0.0225	0.0136	0.0434	0.0288	0.0377	0.0123	0.0402	0.024	0.0213	0.009859999999999999	0.0324	0.0347	0.0367	0.00962	0.0507	0.0096	0.00404	0.006	0.0128	0.00911	0.00386	0.00757	0.0069900000000000006	0.008029999999999999	0.0045	0.00548	0.00861	0.0038799999999999998	0.00528	0.00486	0.004229999999999999	0.0053100000000000005	0.00288	0.006940000000000001	0.0061200000000000004	0.00494	0.00644	0.0068	0.00827	0.00496	0.00352	0.006670000000000001	0.00409	0.006690000000000001	0.0036899999999999997	0.0054600000000000004	0.0107	0.0112	0.00564	0.009640000000000001	0.0136	0.00734	0.007909999999999999	0.00777	0.00859	0.00747	0.00689	0.0057399999999999994	0.007509999999999999	0.00594	0.00644	0.00498	0.00948	0.0038799999999999998	0.00297	0.007659999999999999	0.00642	0.0053	0.007390000000000001	0.00983	0.00494	0.0033299999999999996	0.0058	0.00772	0.00594	0.00839	0.0050799999999999994	0.00728	0.0109
SBS40	0.0282	0.0134	0.00292	0.0148	0.0208	0.0147	0.0025399999999999997	0.0147	0.0142	0.0102	0.00255	0.0108	0.026	0.021	0.00317	0.0241	0.0122	0.00868	0.00225	0.0146	0.007559999999999999	0.00935	0.00168	0.0139	0.00506	0.005370000000000001	0.00119	0.00698	0.0125	0.0141	0.0017399999999999998	0.0237	0.0197	0.0121	0.000267	0.0169	0.0196	0.0173	0.00236	0.0216	0.0143	0.0116	3.93e-18	0.0127	0.03	0.0231	0.00212	0.0224	0.0061	0.0044399999999999995	0.0069299999999999995	0.0107	0.00109	0.00762	0.00346	0.00928	0.00265	0.00343	0.00441	0.00577	0.00713	0.0103	0.00502	0.021	0.0187	0.00734	0.0155	0.0194	0.0109	0.00987	0.0105	0.0136	0.00601	0.00458	0.00565	0.00731	0.0102	0.00755	0.00601	0.0102	0.0072299999999999994	0.00705	0.00806	0.018	0.00335	0.0056700000000000006	0.0055899999999999995	0.0131	0.00249	0.00224	0.00445	0.00548	0.008459999999999999	0.0114	0.00866	0.025
SBS41	0.0021100000000000003	0.00122	6.14e-05	0.00133	0.00238	0.000919	0.000261	0.00265	0.00309	0.000723	0.00022	0.00195	0.00331	0.00172	0.000207	0.0059	0.00533	0.00316	0.00121	0.00827	0.0020800000000000003	0.0012	0.000411	0.00503	0.0020399999999999997	0.0026899999999999997	0.000156	0.0035600000000000002	0.0199	0.0142	0.00193	0.0446	0.00988	0.00336	0.00343	0.00635	0.0069099999999999995	0.00185	0.0101	0.00773	0.00601	0.00864	0.0171	0.008409999999999999	0.0117	0.00647	0.00492	0.0115	0.00746	0.0043	0.00303	0.0696	0.0036200000000000004	0.0031899999999999997	0.00312	0.009009999999999999	0.00233	0.00229	0.00143	0.004520000000000001	0.0806	0.0143	0.009290000000000001	0.0535	0.0144	0.00579	0.00804	0.0177	0.0103	0.00525	0.00557	0.00787	0.00606	0.00374	0.00351	0.00389	0.0636	0.0268	0.0205	0.0461	0.007529999999999999	0.00164	0.0027	0.00761	0.0034700000000000004	0.0024100000000000002	0.0030399999999999997	0.0105	0.0018	0.00095	0.0012	0.0034700000000000004	0.0419	0.0155	0.0194	0.0879
SBS42	0.00116	0.0206	3.34e-05	0.00797	0.0116	0.0328	0.0018800000000000002	0.0211	0.00771	0.0268	0.00106	0.0181	0.0051	0.054	0.000904	0.0273	0.00040599999999999995	0.0005059999999999999	1.77e-05	0.00043099999999999996	0.00426	0.00662	0.00047000000000000004	0.006840000000000001	0.0024	0.0014199999999999998	0.000223	0.00277	0.000559	0.00187	0.000207	0.000381	0.0224	0.0398	0.00044	0.0352	0.0187	0.0481	0.0019199999999999998	0.0329	0.0336	0.152	0.00455	0.0865	0.0048200000000000005	0.0327	0.000364	0.0151	0.0133	0.0040100000000000005	0.0050100000000000006	0.00685	0.0126	0.00172	0.0149	0.00757	0.012	0.0018399999999999998	0.00777	0.00325	0.0085	0.0022600000000000003	0.00533	0.00352	0.0116	0.00351	0.00856	0.0027	0.0035399999999999997	0.00313	0.0035600000000000002	0.00324	0.0058200000000000005	0.00331	0.00321	0.0023899999999999998	0.0068200000000000005	0.00303	0.0034100000000000003	0.00236	0.0012	0.000405	0.000637	0.0009109999999999999	0.0008699999999999999	0.000753	0.005679999999999999	0.0034799999999999996	0.00114	7.049999999999999e-05	0.00041	0.0009199999999999999	0.00115	0.00027400000000000005	0.00293	0.0017399999999999998
SBS43	0.0295	0.0059	0.0006259999999999999	0.00207	0.00663	8.2e-05	2.56e-05	5.22e-18	0.0093	0.0016899999999999999	0.000177	0.00139	0.0063	5.37e-06	3.0700000000000002e-18	6.519999999999999e-18	0.000361	3.13e-05	0.00443	0.000354	2.09e-05	0.000212	0.0025399999999999997	0.0008529999999999999	0.0136	0.0152	0.0128	0.018	4.42e-06	0.00103	0.00147	0.000251	2.8999999999999997e-05	0.000128	0.00122	0.00091	7.62e-06	4.35e-18	9.719999999999999e-05	0.0007440000000000001	0.000766	4.1000000000000005e-18	9.66e-06	0.00186	3.72e-05	5.06e-18	3.0700000000000002e-18	0.0008359999999999999	0.0153	0.0037799999999999995	0.00143	0.00428	0.0013599999999999999	1.21e-05	0.000296	0.00020299999999999997	0.00618	0.00133	0.0045	0.00131	7.63e-05	0.000938	5.14e-05	8.77e-18	8.88e-06	0.0313	0.000586	0.0088	0.0027199999999999998	0.105	0.00925	0.00945	7.5e-18	0.0219	0.0012	0.000518	0.00013700000000000002	0.0359	2.78e-05	0.0018399999999999998	0.00263	0.004070000000000001	0.0349	0.00564	0.0027300000000000002	0.007259999999999999	0.0465	6.2600000000000006e-18	0.0611	0.0756	0.24100000000000002	0.0746	0.000204	0.00825	0.0228	0.00132
SBS44	7.679999999999999e-18	0.00015	9.159999999999999e-07	0.0057799999999999995	2.84e-05	0.0303	0.00374	0.0867	7.679999999999999e-18	0.0046700000000000005	0.000605	0.0113	0.0008529999999999999	0.0022199999999999998	3.15e-07	0.0166	0.00318	0.000233	3.14e-05	0.00329	5.36e-05	2.49e-05	7.679999999999999e-18	8.640000000000001e-05	0.00021899999999999998	0.00119	7.679999999999999e-18	0.00185	0.0006730000000000001	9.4e-06	7.679999999999999e-18	0.00259	0.0899	0.0169	0.0143	0.0303	0.0035700000000000003	0.00286	0.0155	0.00504	0.0955	0.0814	0.0496	0.0666	0.0014	0.00225	7.679999999999999e-18	0.00302	0.0047799999999999995	0.0026	1.08e-06	0.0308	1.24e-05	0.00325	0.000582	1.3800000000000002e-05	0.00116	0.00236	0.00221	0.00318	0.006959999999999999	2.07e-05	5.02e-06	0.0139	0.0193	0.00324	0.0272	0.000267	0.0146	0.0032	0.0338	0.00771	0.027	0.00116	0.0173	0.0111	0.0199	0.0105	0.0191	0.0371	2.4e-08	3.26e-05	7.47e-06	0.0014199999999999998	0.000234	0.00253	0.0034700000000000004	0.000384	7.679999999999999e-18	1.83e-05	0.000103	0.0028	7.679999999999999e-18	7.679999999999999e-18	0.000917	0.009
SBS45	0.00911	0.00285	0.0016600000000000002	0.009640000000000001	0.23800000000000002	0.151	0.0679	0.19399999999999998	0.00755	0.00573	0.00209	0.0069900000000000006	0.064	0.0642	0.0183	0.062	0.0031100000000000004	0.00193	0.00027	0.00143	0.00143	0.0008	0.000643	0.0019100000000000002	0.000333	0.00101	0.000695	0.000932	0.0033	0.00201	0.000178	0.00329	0.00133	0.000601	0.00541	0.00122	0.00214	5.07e-05	0.0022	0.0027300000000000002	0.001	0.000933	0.00151	0.00199	0.0024	0.00202	0.00175	0.00295	0.000525	0.0004969999999999999	0.00213	0.000605	0.000697	0.0010400000000000001	0.0034100000000000003	0.00134	0.0003	0.000638	0.00103	0.0005099999999999999	0.000407	0.000262	0.000654	0.00139	0.00137	0.00041799999999999997	0.00207	0.00146	0.0011099999999999999	0.0028699999999999997	0.00156	0.000602	0.000654	0.00057	0.000907	0.00139	0.00128	0.0011	0.00124	0.000545	0.000117	0.000584	0.000984	0.000166	0.000102	0.000281	0.0006490000000000001	0.000728	0.00044	0.0005200000000000001	0.00017900000000000001	0.000496	0.000285	0.000135	0.000708	0.000724
SBS46	0.0044	0.0047	0.0003	0.0034	0.0156	0.0072	0.0045	0.0083	0.0072	0.003	0.0004	0.0024	0.0123	0.0071	0.0025	0.003	0.0012	0.0015	0.0	0.0022	0.0005	0.0003	0.0001	0.0015	0.0001	0.0008	0.0	0.0006	0.0028	0.0024	0.0001	0.0049	0.0152	0.0089	0.0046	0.0068	0.0284	0.0133	0.0083	0.0064	0.0126	0.0045	0.0015	0.004	0.0185	0.0126	0.0037	0.0044	0.0027	0.0018	0.0005	0.002	0.0042	0.0033	0.0043	0.0036	0.0061	0.001	0.0024	0.0012	0.0045	0.0043	0.0005	0.0034	0.0185	0.0478	0.0329	0.0306	0.0223	0.0834	0.0504	0.0958	0.0221	0.0576	0.0353	0.0607	0.0093	0.0543	0.0237	0.0365	0.0001	0.0008	0.0016	0.0006	0.0	0.0018	0.0016	0.002	0.0	0.0001	0.0012	0.0006	0.0007	0.001	0.0009	0.001
SBS47	0.0678	0.0297	0.0013800000000000002	0.0119	0.0246	0.00527	0.000271	0.000682	0.0111	0.0034799999999999996	0.0007830000000000001	0.00141	0.0169	8.109999999999999e-05	2.3899999999999998e-05	0.000192	0.00103	0.000617	0.000328	0.00172	0.000956	0.00023700000000000001	0.00067	0.00013700000000000002	0.00168	0.00228	0.000465	0.0022199999999999998	0.000138	0.00119	0.0	0.000924	0.00427	0.0009400000000000001	0.00305	0.00249	0.0008640000000000001	0.00461	0.0015199999999999999	0.003	0.00106	0.0017100000000000001	0.00172	0.00404	0.007240000000000001	0.0371	0.0019399999999999999	0.0809	0.138	0.00716	0.00745	0.0676	0.014	0.000571	5.8200000000000005e-05	7.6e-05	0.016	0.00022799999999999999	1.31e-05	3.28e-06	0.156	1.23e-05	0.000452	0.00435	0.00283	0.0056700000000000006	0.00209	0.0013	0.0019100000000000002	0.00628	0.0031	0.00545	0.000417	0.00109	0.0031	0.0031899999999999997	0.00137	0.0175	0.00158	0.0115	0.000171	0.00172	0.0036799999999999997	0.00808	0.00013700000000000002	5.15e-05	0.00367	0.00010700000000000001	0.022	0.0104	0.0272	0.0884	0.0024100000000000002	2.25e-05	0.0015400000000000001	0.0036200000000000004
SBS48	0.0008550000000000001	0.0008410000000000001	0.000258	3.8900000000000004e-05	0.00118	3.570000000000001e-05	0.13699999999999998	0.0008449999999999999	0.000752	0.000346	0.000739	1.99e-05	0.124	0.00379	0.7090000000000001	0.00018700000000000002	0.000198	0.00011399999999999999	8.03e-05	0.000686	9.93e-05	0.000122	3.63e-05	0.000245	7.840000000000001e-05	0.000217	4.31e-05	6.53e-05	0.00013700000000000002	0.00035	2.8199999999999998e-05	0.000148	0.00028700000000000004	0.00043799999999999997	0.00121	0.00023500000000000002	1.82e-05	0.000301	1.87e-05	0.000479	0.00034500000000000004	7.39e-06	0.000303	0.00011	0.00021400000000000002	0.000317	0.00040199999999999996	5.85e-06	0.00066	0.000266	0.000465	0.000675	8.62e-05	0.000102	0.00031	0.000362	0.00013000000000000002	0.000124	0.000143	0.000231	2.35e-05	7.64e-06	8.32e-06	0.000426	0.0011	0.00018899999999999999	0.000285	0.0011099999999999999	0.000145	0.00045	3.21e-05	6.77e-05	0.000157	0.000129	4.6700000000000003e-05	0.00011	0.000605	0.000404	0.000297	0.000532	0.000517	4.1e-05	0.00035099999999999997	0.000199	0.000134	9.279999999999999e-05	0.00010400000000000001	6.57e-05	7.64e-06	0.000135	6.63e-05	1.15e-05	0.00025	0.00022200000000000003	0.00035	3.2e-07
SBS49	0.0251	0.00703	0.007109999999999999	0.00797	0.22899999999999998	0.0286	0.515	0.049	0.00788	0.00248	0.00683	0.00584	0.0329	0.00511	0.0405	0.00875	0.000288	0.000135	0.000204	0.000176	0.00021600000000000002	0.000256	0.00023799999999999998	0.00019099999999999998	0.000152	0.00011	3.6700000000000004e-05	0.00020800000000000001	4.8e-05	0.000153	6.330000000000001e-05	0.000544	0.000575	0.000303	0.00201	0.00041500000000000006	0.00047000000000000004	0.000493	0.0013800000000000002	0.000519	0.000184	0.000118	0.0010400000000000001	0.000308	0.00018700000000000002	0.000582	0.0009339999999999999	0.000312	0.000129	7.780000000000001e-05	0.000241	0.000354	7.41e-05	5.14e-05	0.00023199999999999997	0.000106	5.04e-05	9.1e-05	0.00011	0.000131	0.00042	5.6999999999999996e-05	7.53e-05	0.000331	0.0006129999999999999	8.14e-05	0.0002	0.000482	0.000121	0.000178	0.00010800000000000001	9.740000000000001e-05	6.59e-05	0.000151	6.53e-05	0.000175	0.000173	8.47e-05	6.31e-05	0.00020800000000000001	0.000196	8.28e-05	0.000126	0.000126	0.000106	2.6700000000000002e-05	0.00011200000000000001	9.290000000000001e-05	6.61e-05	4.3700000000000005e-05	0.000147	0.000102	0.00015	0.000138	0.00011200000000000001	0.000364
SBS50	0.11900000000000001	0.127	0.00577	0.0832	0.0225	0.0028899999999999998	5.18e-18	0.00115	0.0142	0.00758	0.000244	0.0020399999999999997	0.019	0.000886	4.1899999999999995e-05	0.00185	0.00385	0.0011	0.0008269999999999999	0.00197	6.56e-05	0.00028900000000000003	0.0014199999999999998	0.000512	0.0267	0.033	0.0028	0.0143	0.000932	0.000493	0.000103	0.000421	0.00352	0.0018	0.0139	0.00692	0.0038399999999999997	0.00425	0.00108	0.0119	0.00242	0.00158	0.0055	0.0163	0.0194	0.10400000000000001	0.0039700000000000004	0.0818	0.00536	0.00394	0.000573	0.0024100000000000002	0.000193	0.000535	0.000516	0.00020899999999999998	0.000732	0.00105	0.000199	0.000786	0.0016899999999999999	0.000664	7.54e-05	0.00295	0.00263	0.00928	0.0011300000000000001	0.00492	0.000839	0.0177	0.00242	0.0013800000000000002	0.0013800000000000002	0.005379999999999999	0.00371	0.00117	0.00109	0.029	0.0010199999999999999	0.00511	0.000743	0.000607	0.00394	0.000103	0.0008939999999999999	6.18e-05	0.00366	0.000471	0.00867	0.009590000000000001	0.0351	0.0365	0.000327	0.000655	0.00872	0.0016
SBS51	0.141	0.0016899999999999999	0.0048	0.0212	0.00698	0.00317	0.0043	0.00507	0.00394	0.00328	0.00428	0.00345	0.0357	0.00286	0.00454	0.00037	0.00396	0.00454	0.00197	0.0009	0.00285	0.00011999999999999999	0.00203	0.0026100000000000003	0.0034100000000000003	0.00114	0.000267	0.00285	0.00205	0.00361	0.00216	0.0033299999999999996	0.0358	0.00565	0.00565	0.0032	0.00323	0.0047	0.0207	0.00406	0.00447	0.00309	0.00428	0.00595	0.0017	0.0017699999999999999	0.006490000000000001	0.0424	0.113	0.00135	0.0368	0.0295	0.00611	0.00149	0.006520000000000001	0.0036200000000000004	0.0204	0.00385	0.0042899999999999995	0.000146	0.0201	0.0025800000000000003	0.00403	0.006379999999999999	0.00259	0.0193	0.00395	0.00187	0.00418	0.0711	0.00293	0.006640000000000001	0.00118	0.00227	0.00456	0.0040100000000000005	0.00446	0.0039299999999999995	0.00247	0.0213	0.000723	0.00409	0.0278	0.00213	0.00278	0.00256	0.0059299999999999995	0.0023	0.0021899999999999997	0.0053	0.0762	0.00209	0.00255	0.0034700000000000004	0.0027600000000000003	0.0029100000000000003
SBS52	0.0152	0.006540000000000001	0.00414	0.00924	0.0574	0.019	0.0136	0.0188	0.00824	0.00732	0.00404	0.00421	0.46399999999999997	0.0468	0.134	0.061	0.00173	0.0015199999999999999	0.0008179999999999999	0.0017100000000000001	0.00118	0.0008349999999999999	0.0005679999999999999	0.0012	0.0013800000000000002	0.00145	0.00101	0.0010199999999999999	0.00198	0.00144	0.0005809999999999999	0.00242	0.0026899999999999997	0.0021	0.004079999999999999	0.00176	0.0032700000000000003	0.00182	0.00238	0.00257	0.0017800000000000001	0.00122	0.00283	0.0010199999999999999	0.00147	0.0015300000000000001	0.0021899999999999997	0.00165	0.0017699999999999999	0.00118	0.00119	0.00119	0.00122	0.000231	0.00123	0.0008560000000000001	0.000524	0.000399	0.0012900000000000001	0.000811	0.00105	0.000469	0.000778	0.00134	0.00375	0.0018800000000000002	0.00262	0.00492	0.0023899999999999998	0.00131	0.00123	0.00234	0.00242	0.00205	0.0009140000000000001	0.0031100000000000004	0.00277	0.00218	0.00107	0.002	0.00173	0.000529	0.00119	0.00186	0.0008029999999999999	0.000775	0.000796	0.000863	0.0011300000000000001	0.0005610000000000001	0.00137	0.0008640000000000001	0.00143	0.00112	0.00148	0.00253
SBS53	0.005379999999999999	0.00196	0.0381	1.7100000000000002e-05	0.33399999999999996	0.00355	0.0677	0.00492	0.00043200000000000004	0.00344	0.0508	0.00114	0.00267	0.00364	0.00044699999999999997	0.0008710000000000001	0.00703	0.0054600000000000004	0.00251	0.0030399999999999997	0.0027199999999999998	0.00603	0.00162	0.000508	0.0013800000000000002	0.0847	0.003	0.000573	0.00374	0.00499	0.00187	0.00374	0.00722	0.00196	0.00695	0.0019399999999999999	0.0146	0.0046	0.0137	0.016	0.009179999999999999	0.0119	0.00599	0.0031	0.00573	0.00577	0.0102	0.00771	0.00589	0.00259	0.0028699999999999997	0.00463	0.0036899999999999997	0.0045	0.0033	0.00861	0.00445	0.0027	0.00396	0.0031100000000000004	0.0031	0.0035600000000000002	0.0016	0.0050799999999999994	0.0113	0.0037	0.00825	0.00718	0.0101	0.004070000000000001	0.008490000000000001	0.00542	0.00561	0.006679999999999999	0.00256	0.0069900000000000006	0.007109999999999999	0.00503	0.00472	0.0021899999999999997	0.0045899999999999995	0.0029	0.00506	0.00206	0.00149	0.00424	0.00298	0.0027199999999999998	0.004379999999999999	0.0017399999999999998	0.00473	0.00203	0.0013	0.00436	0.00615	0.00705
SBS54	0.00216	0.000796	0.00164	0.000414	6.32e-05	0.00257	0.0059299999999999995	0.005529999999999999	0.00519	0.00913	0.00564	0.00673	0.000669	4.05e-05	0.000828	0.0072	0.00155	0.000496	0.0017	0.00518	0.0011300000000000001	0.000883	0.000434	0.00133	0.0021899999999999997	0.00022	0.00159	0.00494	0.00469	0.000517	0.00123	0.00031099999999999997	0.00148	0.000529	0.000343	0.00499	0.00337	0.000226	0.0283	0.00371	0.00022200000000000003	0.0131	0.0191	0.000248	7.45e-18	0.000661	1.1900000000000002e-13	0.000236	0.000956	0.0031899999999999997	0.004229999999999999	0.000301	7.45e-18	0.000732	0.0019199999999999998	6.659999999999999e-05	0.00233	0.00899	0.00264	0.00185	0.00155	0.00017900000000000001	0.00032900000000000003	7.45e-18	0.0292	0.00775	0.20199999999999999	0.00783	0.0114	0.017	0.193	0.0269	0.0114	0.00443	0.121	0.00541	0.00473	0.008190000000000001	0.0884	0.0125	3.87e-05	0.00158	0.00115	0.00033999999999999997	0.00436	0.0189	0.0221	0.000886	0.00016999999999999999	0.0015300000000000001	7.45e-18	1.21e-05	3.24e-05	0.0007059999999999999	0.007690000000000001	0.000499
SBS55	0.00588	0.00205	4.49e-05	0.00117	0.00625	0.00375	0.000641	2.84e-05	0.0008550000000000001	0.000192	7.72e-05	0.0007379999999999999	0.0017399999999999998	8.28e-18	9.91e-05	0.00406	0.00285	0.000168	0.0005099999999999999	0.0012699999999999999	0.00294	0.00286	0.000264	0.00331	0.000851	0.00141	0.00572	6.82e-05	0.0070599999999999994	0.00328	0.000229	0.0021100000000000003	0.00511	0.000233	0.00532	0.000776	0.00725	0.004	6.59e-05	0.000719	0.0065	0.00151	0.0119	0.0052899999999999996	5.8200000000000003e-11	0.00411	0.00481	0.0314	0.00426	0.000618	0.0081	0.00392	7.390000000000001e-05	1.1e-06	0.016	0.005229999999999999	0.00243	0.000185	0.0125	0.00512	0.00361	6.95e-05	0.00948	0.0021	0.00435	3.36e-06	0.00402	0.0137	0.00418	0.00498	0.000949	0.000684	0.0026100000000000003	0.00317	0.00601	0.0126	0.00488	0.00098	0.0041600000000000005	0.0008869999999999999	0.000262	0.0009199999999999999	0.145	0.00228	0.00165	0.000466	0.113	0.00118	0.0056700000000000006	0.0032	0.299	0.00144	0.00606	0.00565	0.0795	0.0412
SBS56	0.0126	0.0157	0.000206	0.023	0.00248	0.006679999999999999	6.72e-18	0.0713	0.000217	0.00734	9.79e-06	0.0157	0.21899999999999997	0.0132	0.0054600000000000004	0.402	0.00041799999999999997	0.000166	0.00042800000000000005	0.000123	0.000204	0.000225	6.659999999999999e-05	0.000769	0.00018700000000000002	9.83e-05	5.62e-06	1.75e-06	0.0011300000000000001	0.000294	8.39e-05	0.000411	0.0074	0.000982	0.0015199999999999999	0.0028399999999999996	0.000298	0.000531	0.00795	0.000508	9.49e-06	0.0005059999999999999	0.00206	0.0008300000000000001	0.0002	0.000184	0.000154	8.2e-05	5.05e-06	0.0042899999999999995	0.000513	0.029	0.00119	0.000974	0.00159	6.09e-06	0.00042	0.00237	0.000436	0.005370000000000001	0.00942	0.000805	0.00636	0.0007440000000000001	0.0125	0.0061600000000000005	0.00955	0.0124	0.00337	0.00264	0.000481	0.000206	0.00073	2.7300000000000003e-05	0.00165	0.0025800000000000003	0.0005679999999999999	0.00132	0.00185	0.000285	0.000121	7.99e-18	1.27e-05	0.00575	0.0058200000000000005	3.93e-07	0.00445	6.78e-18	6.72e-18	9.19e-07	6.72e-18	0.00011399999999999999	0.00946	1e-06	0.000101	0.029
SBS57	0.0123	0.00143	0.0033299999999999996	0.00864	0.0087	0.00394	0.00107	0.00821	0.0018899999999999998	0.000752	6.57e-18	0.00195	0.0143	0.000709	0.000223	0.00619	0.0154	0.00313	0.00277	0.00507	0.0008880000000000001	0.0028699999999999997	0.000763	0.0028699999999999997	0.00379	0.00257	0.00186	0.000436	0.00228	0.0028	0.00133	0.0129	0.0326	0.0129	0.0176	0.0154	0.0149	0.0121	0.0064	0.032	0.00514	0.0069299999999999995	0.008440000000000001	0.00618	0.008140000000000001	0.0173	0.0046	0.0372	0.00328	0.00643	0.0058	0.0063100000000000005	0.00639	0.00659	0.0012900000000000001	0.0107	0.0033299999999999996	0.000597	0.00246	0.00793	0.00302	0.00923	0.0044	0.0289	0.0266	0.00966	0.0103	0.0179	0.012	0.00456	0.0083	0.0243	0.00386	0.00229	0.00472	0.00536	0.0049	0.0267	0.00296	0.195	0.0070599999999999994	0.000789	0.00123	0.0059700000000000005	0.00014	0.0008470000000000001	0.0021899999999999997	0.0051600000000000005	0.0014	0.000171	0.0008609999999999999	0.00283	0.00322	0.00396	0.0054	0.11900000000000001
SBS58	0.0589	0.00675	0.000825	0.00558	0.00618	0.00183	0.00146	0.00196	0.00274	0.00108	0.0027300000000000002	0.00035	0.007370000000000001	0.000429	0.0027300000000000002	0.0147	0.0206	0.0017399999999999998	0.0016899999999999999	0.00203	0.000794	0.00128	5.11e-05	0.00125	0.00212	0.00149	0.0017100000000000001	0.00108	0.00213	0.0018	0.00063	0.0181	0.0805	0.0067599999999999995	0.00863	0.00731	0.00809	0.00992	0.00799	0.0277	0.00678	0.00315	0.007359999999999999	0.00503	0.0042899999999999995	0.0153	0.0033399999999999997	0.179	0.0245	0.00146	0.00469	0.00877	0.00248	0.0223	0.000858	0.0013	0.00207	0.0006259999999999999	0.0204	0.00277	0.0119	0.000898	0.0008289999999999999	0.0146	0.0805	0.0049299999999999995	0.00675	0.008159999999999999	0.00392	0.0095	0.0059299999999999995	0.0282	0.00218	0.00078	0.0111	0.00202	0.00331	0.0196	0.00216	0.032	0.0135	0.000788	0.00271	0.0020800000000000003	0.000503	0.0010400000000000001	0.000699	0.00047300000000000006	0.00807	0.0026899999999999997	0.0234	0.0169	0.000798	0.00159	0.00674	0.0217
SBS59	0.00359	0.00237	0.00014199999999999998	0.0145	0.00223	0.0059299999999999995	0.0008150000000000001	0.00202	0.10300000000000001	0.129	0.0121	0.499	2.37e-05	0.0202	0.000634	0.0038299999999999996	0.00294	0.00244	0.0008300000000000001	0.0038299999999999996	0.0020800000000000003	0.00173	0.0006900000000000001	0.00346	0.00144	0.00172	0.000359	0.0022600000000000003	2.35e-06	0.00209	0.000405	0.0015199999999999999	0.00392	0.00286	0.00256	0.00339	0.0028699999999999997	0.00040899999999999997	0.0011	0.00242	0.00244	0.00235	3.2399999999999997e-18	0.00296	0.000161	0.00028	4.5400000000000005e-18	0.00209	0.002	0.0025	0.0021899999999999997	0.0028	7.03e-05	0.00164	0.000139	0.00371	0.00025499999999999996	0.00198	0.000505	0.00151	0.00209	0.00186	0.000453	0.00299	0.00995	0.0026100000000000003	0.00352	0.0108	0.0022	0.00573	0.00164	0.0122	0.0007099999999999999	0.00318	0.000986	0.00119	0.00205	0.00224	0.00135	0.0026100000000000003	0.00179	0.00156	0.0017	0.00344	0.00101	0.00262	0.00202	0.0212	0.00123	0.00165	0.00229	0.00745	0.0016	0.00233	0.00196	1.3e-17
SBS60	0.00615	0.000779	2.2299999999999998e-16	0.00044400000000000006	0.00118	0.00025299999999999997	0.000379	5.41e-05	0.000517	0.000866	0.00039	0.000133	0.00202	0.00016299999999999998	0.000205	0.00040599999999999995	0.000377	0.000588	0.000276	0.00025	4.71e-05	0.00014199999999999998	0.000337	0.000146	0.00016299999999999998	0.000135	0.000202	6.43e-05	0.000529	0.000348	6.59e-05	0.0007610000000000001	0.0027600000000000003	0.00134	0.00421	0.000298	0.0015199999999999999	0.0018800000000000002	0.00406	0.00251	0.00124	0.00144	0.00336	0.0008939999999999999	4.07e-05	0.000958	0.00173	0.00391	0.0039700000000000004	0.000223	0.000352	0.000728	6.64e-05	0.0005139999999999999	3.8100000000000004e-07	0.000132	0.000109	0.00011	0.00036	0.000637	0.0011300000000000001	2.2299999999999998e-16	4.24e-05	0.00053	0.0012900000000000001	0.000277	3.52e-06	3.63e-05	0.0008789999999999999	0.00279	0.00058	0.0021	0.0007610000000000001	0.0006349999999999999	0.0005	0.000696	0.00023999999999999998	0.00109	0.000109	0.00132	0.025	0.0105	0.0261	0.0164	0.00323	0.0041600000000000005	0.007109999999999999	1.8e-05	0.0282	0.0288	0.662	0.0474	0.00161	0.0106	0.0239	0.0318
SBS84	0.003471994832	0.005007308997	0.000452641972	0.009295948364999999	0.0	0.005218571801	6.9231298e-05	0.00564038118	0.002703472389	0.0102288588	0.000763601342	0.010179165989	0.002083564327	9.064386e-06	0.0	0.0012037792660000001	0.006758077485	0.010811956858999999	4.5986523e-05	0.029594216357999997	7.117033e-06	0.003440786012	2.195949e-06	0.013308248775	0.011151059622	0.015758341831	0.0016979672390000002	0.076057560709	0.0	0.00011394339200000001	7.205710000000001e-07	0.004953383455	0.053885768706	0.042106831613999994	0.002540673114	0.054345874146	0.018028129532	0.040621303138999997	0.0	0.042237294613	0.089177561445	0.11162955111600001	0.009223925314	0.18044045612100001	7.0752091e-05	0.026909334241999996	6.923779e-06	0.016839668837999998	0.001562338887	0.00039746114800000005	7.082955e-05	0.010652827921	0.00013655009599999998	0.0	0.00012517576100000002	0.0	0.00109863859	6.5576983e-05	0.000337380913	0.000135756563	0.0065699074860000005	0.0008645071319999999	0.000784032307	0.0070599555570000005	0.0	0.000323133451	1.1504801e-05	0.009382160052	0.002269665991	3.247249e-06	0.003628314755	0.000918581801	0.0	0.000865945066	0.00019790704099999999	0.003662473198	0.00043293944300000004	0.0005384646729999999	2.2365153e-05	0.009820763708	0.00012713777200000002	0.001270955861	0.0009526987820000001	0.0017649758429999999	0.000897193499	0.002148873221	0.000788671403	0.0	1.887925e-05	0.001229435537	0.000212751233	0.001340078646	0.001875698241	0.0007379165429999999	0.0	0.00660313433
SBS85	0.00608025739	0.0008799368730000001	0.000306011349	0.0027172792330000003	0.004264235123	0.00030623486499999997	0.00015725684	0.000860850681	0.001439703098	0.000504268015	0.000362282705	0.000762947056	0.00194438733	0.000169427568	3.988999999999999e-09	0.002057492391	0.00723492713	0.002551355408	0.000422196736	0.013019760586	0.001223945047	0.00021017886	4.0247509e-05	0.000484083725	0.0015959241010000001	0.0050603620020000005	2.6827588e-05	0.0031861039399999997	0.00094799547	0.001869404519	0.00016999697499999998	0.006244142552999999	0.00137478058	0.0014784417420000001	0.00044377562400000004	0.00456358326	0.0016369990659999998	0.000369373076	2.4057242000000002e-05	0.002350306147	0.000887033367	0.000484366313	0.000116423626	0.004167105016	0.003823610731	0.002998120759	0.00015795896800000002	0.038650889984	0.11185871741	0.013051252824	0.021107255813000003	0.070288409275	0.009896320186	0.001136017362	0.000178582568	0.010551155388	0.017239232975	0.001005109264	0.0035201660859999996	0.011658501206	0.060179901809	0.007794895232	0.006733400083	0.062798279518	0.029567020575000002	0.020410486307	0.005070940432	0.059234079950000004	0.007184033893000001	0.006209066076	0.000839951905	0.016913140038999998	0.021590706956000003	0.011606134983999998	0.006462687955	0.054089001127000005	0.012963549217	0.023324448028000003	0.003823534542	0.094054377313	0.023838221812999997	0.0034349204389999997	0.004485500819	0.003178596391	0.0037364747070000003	0.0024781700570000002	0.0011202991760000001	0.0017568703829999998	0.007699623603	0.000800067973	0.001946513805	0.0029279056160000003	0.007106411217	0.006404453857	0.003409999931	0.012708761754999999
